date,source,topic,text,engagement,detail,media_url,source_item_id,modality_hint,audio_danceability,audio_energy,audio_valence,audio_tempo,audio_acousticness,audio_instrumentalness,audio_speechiness,clean_text,sentiment,engagement_norm,visual_brightness,visual_colorfulness,visual_saturation,visual_edge_density,visual_energy,visual_innovation,audio_energy_score,audio_novelty_signal,audio_tempo_norm,audio_genre_label,audio_genre_confidence,deep_fusion_score
2026-04-25,NewsAPI,AI music,AI music signal 1: exciting breakthrough in AI music tools. This sample item represents how ai music is discussed online.,3,demo://newsapi,demo://ai-music,newsapi-ai-music-0,text+image,,,,,,,,ai music signal exciting breakthrough in ai music tools this sample item represents how ai music is discussed online,0.3,0.375,0.61,0.62,0.607,0.6,0.6105,0.6676,0.76,0.69,0.76,electronic,0.75,0.6160108600510147
2026-03-15,NewsAPI,AI music,AI music signal 2: artists debate the future of generative sound design. This sample item represents how ai music is discussed online.,6,demo://newsapi,demo://ai-music,newsapi-ai-music-1,text+image,,,,,,,,ai music signal artists debate the future of generative sound design this sample item represents how ai music is discussed online,0.2,0.75,0.6,0.62,0.607,0.6,0.607,0.6676,0.76,0.69,0.76,electronic,0.75,0.6903747662128704
2026-04-25,NewsAPI,AI music,AI music signal 3: new release blends human vocals with machine composition. This sample item represents how ai music is discussed online.,1,demo://newsapi,demo://ai-music,newsapi-ai-music-2,text+image,,,,,,,,ai music signal new release blends human vocals with machine composition this sample item represents how ai music is discussed online,0.06818181818181818,0.125,0.5868181818181818,0.62,0.607,0.6,0.6023863636363636,0.6676,0.76,0.69,0.76,electronic,0.75,0.4345351461589582
2026-03-20,NewsAPI,AI music,AI music signal 4: exciting breakthrough in AI music tools. This sample item represents how ai music is discussed online.,2,demo://newsapi,demo://ai-music,newsapi-ai-music-3,text+image,,,,,,,,ai music signal exciting breakthrough in ai music tools this sample item represents how ai music is discussed online,0.3,0.25,0.61,0.62,0.607,0.6,0.6105,0.6676,0.76,0.69,0.76,electronic,0.75,0.5592239263825346
2026-03-17,NewsAPI,AI music,AI music signal 5: artists debate the future of generative sound design. This sample item represents how ai music is discussed online.,5,demo://newsapi,demo://ai-music,newsapi-ai-music-4,text+image,,,,,,,,ai music signal artists debate the future of generative sound design this sample item represents how ai music is discussed online,0.2,0.625,0.6,0.62,0.607,0.6,0.607,0.6676,0.76,0.69,0.76,electronic,0.75,0.6146138104063996
2026-03-16,NewsAPI,AI music,AI music signal 6: new release blends human vocals with machine composition. This sample item represents how ai music is discussed online.,5,demo://newsapi,demo://ai-music,newsapi-ai-music-5,text+image,,,,,,,,ai music signal new release blends human vocals with machine composition this sample item represents how ai music is discussed online,0.06818181818181818,0.625,0.5868181818181818,0.62,0.607,0.6,0.6023863636363636,0.6676,0.76,0.69,0.76,electronic,0.75,0.49330007164948075
2026-03-11,NewsAPI,AI music,AI music signal 7: exciting breakthrough in AI music tools. This sample item represents how ai music is discussed online.,7,demo://newsapi,demo://ai-music,newsapi-ai-music-6,text+image,,,,,,,,ai music signal exciting breakthrough in ai music tools this sample item represents how ai music is discussed online,0.3,0.875,0.61,0.62,0.607,0.6,0.6105,0.6676,0.76,0.69,0.76,electronic,0.75,0.9790604703030882
2026-04-03,NewsAPI,AI music,AI music signal 8: artists debate the future of generative sound design. This sample item represents how ai music is discussed online.,7,demo://newsapi,demo://ai-music,newsapi-ai-music-7,text+image,,,,,,,,ai music signal artists debate the future of generative sound design this sample item represents how ai music is discussed online,0.2,0.875,0.6,0.62,0.607,0.6,0.607,0.6676,0.76,0.69,0.76,electronic,0.75,0.8519083251407432
2026-03-15,NewsAPI,AI music,AI music signal 9: new release blends human vocals with machine composition. This sample item represents how ai music is discussed online.,7,demo://newsapi,demo://ai-music,newsapi-ai-music-8,text+image,,,,,,,,ai music signal new release blends human vocals with machine composition this sample item represents how ai music is discussed online,0.06818181818181818,0.875,0.5868181818181818,0.62,0.607,0.6,0.6023863636363636,0.6676,0.76,0.69,0.76,electronic,0.75,0.8220392527340303
2026-03-23,NewsAPI,AI music,AI music signal 10: exciting breakthrough in AI music tools. This sample item represents how ai music is discussed online.,6,demo://newsapi,demo://ai-music,newsapi-ai-music-9,text+image,,,,,,,,ai music signal exciting breakthrough in ai music tools this sample item represents how ai music is discussed online,0.3,0.75,0.61,0.62,0.607,0.6,0.6105,0.6676,0.76,0.69,0.76,electronic,0.75,0.8542384730424031
2026-04-03,NewsAPI,AI music,AI music signal 11: artists debate the future of generative sound design. This sample item represents how ai music is discussed online.,5,demo://newsapi,demo://ai-music,newsapi-ai-music-10,text+image,,,,,,,,ai music signal artists debate the future of generative sound design this sample item represents how ai music is discussed online,0.2,0.625,0.6,0.62,0.607,0.6,0.607,0.6676,0.76,0.69,0.76,electronic,0.75,0.6146138104063996
2026-04-17,NewsAPI,AI music,AI music signal 12: new release blends human vocals with machine composition. This sample item represents how ai music is discussed online.,3,demo://newsapi,demo://ai-music,newsapi-ai-music-11,text+image,,,,,,,,ai music signal new release blends human vocals with machine composition this sample item represents how ai music is discussed online,0.06818181818181818,0.375,0.5868181818181818,0.62,0.607,0.6,0.6023863636363636,0.6676,0.76,0.69,0.76,electronic,0.75,0.4806472299718279
2026-03-10,NewsAPI,AI music,AI music signal 13: exciting breakthrough in AI music tools. This sample item represents how ai music is discussed online.,5,demo://newsapi,demo://ai-music,newsapi-ai-music-12,text+image,,,,,,,,ai music signal exciting breakthrough in ai music tools this sample item represents how ai music is discussed online,0.3,0.625,0.61,0.62,0.607,0.6,0.6105,0.6676,0.76,0.69,0.76,electronic,0.75,0.7526941783658153
2026-03-12,NewsAPI,AI music,AI music signal 14: artists debate the future of generative sound design. This sample item represents how ai music is discussed online.,5,demo://newsapi,demo://ai-music,newsapi-ai-music-13,text+image,,,,,,,,ai music signal artists debate the future of generative sound design this sample item represents how ai music is discussed online,0.2,0.625,0.6,0.62,0.607,0.6,0.607,0.6676,0.76,0.69,0.76,electronic,0.75,0.6146138104063996
2026-03-19,Spotify,AI music,AI music signal 1: exciting breakthrough in AI music tools. This sample item represents how ai music is discussed online.,96,demo://spotify,demo://ai-music,spotify-ai-music-0,text+audio+image,0.61,0.76,0.48,124.0,0.18,0.31,0.1,ai music signal exciting breakthrough in ai music tools this sample item represents how ai music is discussed online,0.3,1.0,0.61,0.62,0.607,0.6,0.6105,0.6676,0.6211666666666666,0.48000000000000004,0.5333333333333333,electronic,0.8,0.7718371535465796
2026-04-09,Spotify,AI music,AI music signal 2: artists debate the future of generative sound design. This sample item represents how ai music is discussed online.,81,demo://spotify,demo://ai-music,spotify-ai-music-1,text+audio+image,0.61,0.76,0.48,124.0,0.18,0.31,0.1,ai music signal artists debate the future of generative sound design this sample item represents how ai music is discussed online,0.2,0.84375,0.6,0.62,0.607,0.6,0.607,0.6676,0.6211666666666666,0.48000000000000004,0.5333333333333333,electronic,0.8,0.7236333601080092
2026-03-21,Spotify,AI music,AI music signal 3: new release blends human vocals with machine composition. This sample item represents how ai music is discussed online.,78,demo://spotify,demo://ai-music,spotify-ai-music-2,text+audio+image,0.61,0.76,0.48,124.0,0.18,0.31,0.1,ai music signal new release blends human vocals with machine composition this sample item represents how ai music is discussed online,0.06818181818181818,0.8125,0.5868181818181818,0.62,0.607,0.6,0.6023863636363636,0.6676,0.6211666666666666,0.48000000000000004,0.5333333333333333,electronic,0.8,0.7624853656901005
2026-03-15,Spotify,AI music,AI music signal 4: exciting breakthrough in AI music tools. This sample item represents how ai music is discussed online.,88,demo://spotify,demo://ai-music,spotify-ai-music-3,text+audio+image,0.61,0.76,0.48,124.0,0.18,0.31,0.1,ai music signal exciting breakthrough in ai music tools this sample item represents how ai music is discussed online,0.3,0.9166666666666666,0.61,0.62,0.607,0.6,0.6105,0.6676,0.6211666666666666,0.48000000000000004,0.5333333333333333,electronic,0.8,0.7893117931496112
2026-04-01,Spotify,AI music,AI music signal 5: artists debate the future of generative sound design. This sample item represents how ai music is discussed online.,86,demo://spotify,demo://ai-music,spotify-ai-music-4,text+audio+image,0.61,0.76,0.48,124.0,0.18,0.31,0.1,ai music signal artists debate the future of generative sound design this sample item represents how ai music is discussed online,0.2,0.8958333333333334,0.6,0.62,0.607,0.6,0.607,0.6676,0.6211666666666666,0.48000000000000004,0.5333333333333333,electronic,0.8,0.7588392702063976
2026-04-28,Spotify,AI music,AI music signal 6: new release blends human vocals with machine composition. This sample item represents how ai music is discussed online.,87,demo://spotify,demo://ai-music,spotify-ai-music-5,text+audio+image,0.61,0.76,0.48,124.0,0.18,0.31,0.1,ai music signal new release blends human vocals with machine composition this sample item represents how ai music is discussed online,0.06818181818181818,0.90625,0.5868181818181818,0.62,0.607,0.6,0.6023863636363636,0.6676,0.6211666666666666,0.48000000000000004,0.5333333333333333,electronic,0.8,0.8631158475711102
2026-03-06,Spotify,AI music,AI music signal 7: exciting breakthrough in AI music tools. This sample item represents how ai music is discussed online.,78,demo://spotify,demo://ai-music,spotify-ai-music-6,text+audio+image,0.61,0.76,0.48,124.0,0.18,0.31,0.1,ai music signal exciting breakthrough in ai music tools this sample item represents how ai music is discussed online,0.3,0.8125,0.61,0.62,0.607,0.6,0.6105,0.6676,0.6211666666666666,0.48000000000000004,0.5333333333333333,electronic,0.8,0.7751602490179491
2026-03-17,Spotify,AI music,AI music signal 8: artists debate the future of generative sound design. This sample item represents how ai music is discussed online.,76,demo://spotify,demo://ai-music,spotify-ai-music-7,text+audio+image,0.61,0.76,0.48,124.0,0.18,0.31,0.1,ai music signal artists debate the future of generative sound design this sample item represents how ai music is discussed online,0.2,0.7916666666666666,0.6,0.62,0.607,0.6,0.607,0.6676,0.6211666666666666,0.48000000000000004,0.5333333333333333,electronic,0.8,0.6911757933376079
2026-03-07,Spotify,AI music,AI music signal 9: new release blends human vocals with machine composition. This sample item represents how ai music is discussed online.,89,demo://spotify,demo://ai-music,spotify-ai-music-8,text+audio+image,0.61,0.76,0.48,124.0,0.18,0.31,0.1,ai music signal new release blends human vocals with machine composition this sample item represents how ai music is discussed online,0.06818181818181818,0.9270833333333334,0.5868181818181818,0.62,0.607,0.6,0.6023863636363636,0.6676,0.6211666666666666,0.48000000000000004,0.5333333333333333,electronic,0.8,0.8805240943603329
2026-04-08,Spotify,AI music,AI music signal 10: exciting breakthrough in AI music tools. This sample item represents how ai music is discussed online.,95,demo://spotify,demo://ai-music,spotify-ai-music-9,text+audio+image,0.61,0.76,0.48,124.0,0.18,0.31,0.1,ai music signal exciting breakthrough in ai music tools this sample item represents how ai music is discussed online,0.3,0.9895833333333334,0.61,0.62,0.607,0.6,0.6105,0.6676,0.6211666666666666,0.48000000000000004,0.5333333333333333,electronic,0.8,0.7726574355820195
2026-04-03,Spotify,AI music,AI music signal 11: artists debate the future of generative sound design. This sample item represents how ai music is discussed online.,73,demo://spotify,demo://ai-music,spotify-ai-music-10,text+audio+image,0.61,0.76,0.48,124.0,0.18,0.31,0.1,ai music signal artists debate the future of generative sound design this sample item represents how ai music is discussed online,0.2,0.7604166666666666,0.6,0.62,0.607,0.6,0.607,0.6676,0.6211666666666666,0.48000000000000004,0.5333333333333333,electronic,0.8,0.6757531274225224
2026-04-23,Spotify,AI music,AI music signal 12: new release blends human vocals with machine composition. This sample item represents how ai music is discussed online.,73,demo://spotify,demo://ai-music,spotify-ai-music-11,text+audio+image,0.61,0.76,0.48,124.0,0.18,0.31,0.1,ai music signal new release blends human vocals with machine composition this sample item represents how ai music is discussed online,0.06818181818181818,0.7604166666666666,0.5868181818181818,0.62,0.607,0.6,0.6023863636363636,0.6676,0.6211666666666666,0.48000000000000004,0.5333333333333333,electronic,0.8,0.6962960581407927
2026-03-28,Spotify,AI music,AI music signal 13: exciting breakthrough in AI music tools. This sample item represents how ai music is discussed online.,90,demo://spotify,demo://ai-music,spotify-ai-music-12,text+audio+image,0.61,0.76,0.48,124.0,0.18,0.31,0.1,ai music signal exciting breakthrough in ai music tools this sample item represents how ai music is discussed online,0.3,0.9375,0.61,0.62,0.607,0.6,0.6105,0.6676,0.6211666666666666,0.48000000000000004,0.5333333333333333,electronic,0.8,0.7845534052731564
2026-03-21,Spotify,AI music,AI music signal 14: artists debate the future of generative sound design. This sample item represents how ai music is discussed online.,88,demo://spotify,demo://ai-music,spotify-ai-music-13,text+audio+image,0.61,0.76,0.48,124.0,0.18,0.31,0.1,ai music signal artists debate the future of generative sound design this sample item represents how ai music is discussed online,0.2,0.9166666666666666,0.6,0.62,0.607,0.6,0.607,0.6676,0.6211666666666666,0.48000000000000004,0.5333333333333333,electronic,0.8,0.7714925376249553
2026-03-15,Reddit,AI music,AI music signal 1: exciting breakthrough in AI music tools. This sample item represents how ai music is discussed online.,226,demo://reddit,demo://ai-music,reddit-ai-music-0,text,,,,,,,,ai music signal exciting breakthrough in ai music tools this sample item represents how ai music is discussed online,0.3,0.7018633540372671,0.61,0.62,0.607,0.6,0.6105,0.6676,0.76,0.69,0.76,electronic,0.75,0.7178269035435759
2026-03-12,Reddit,AI music,AI music signal 2: artists debate the future of generative sound design. This sample item represents how ai music is discussed online.,223,demo://reddit,demo://ai-music,reddit-ai-music-1,text,,,,,,,,ai music signal artists debate the future of generative sound design this sample item represents how ai music is discussed online,0.2,0.6925465838509317,0.6,0.62,0.607,0.6,0.607,0.6676,0.76,0.69,0.76,electronic,0.75,0.6747779186163632
2026-03-08,Reddit,AI music,AI music signal 3: new release blends human vocals with machine composition. This sample item represents how ai music is discussed online.,244,demo://reddit,demo://ai-music,reddit-ai-music-2,text,,,,,,,,ai music signal new release blends human vocals with machine composition this sample item represents how ai music is discussed online,0.06818181818181818,0.7577639751552795,0.5868181818181818,0.62,0.607,0.6,0.6023863636363636,0.6676,0.76,0.69,0.76,electronic,0.75,0.7085072031129622
2026-04-13,Reddit,AI music,AI music signal 4: exciting breakthrough in AI music tools. This sample item represents how ai music is discussed online.,226,demo://reddit,demo://ai-music,reddit-ai-music-3,text,,,,,,,,ai music signal exciting breakthrough in ai music tools this sample item represents how ai music is discussed online,0.3,0.7018633540372671,0.61,0.62,0.607,0.6,0.6105,0.6676,0.76,0.69,0.76,electronic,0.75,0.7178269035435759
2026-03-12,Reddit,AI music,AI music signal 5: artists debate the future of generative sound design. This sample item represents how ai music is discussed online.,221,demo://reddit,demo://ai-music,reddit-ai-music-4,text,,,,,,,,ai music signal artists debate the future of generative sound design this sample item represents how ai music is discussed online,0.2,0.6863354037267081,0.6,0.62,0.607,0.6,0.607,0.6676,0.76,0.69,0.76,electronic,0.75,0.6647251072250775
2026-04-19,Reddit,AI music,AI music signal 6: new release blends human vocals with machine composition. This sample item represents how ai music is discussed online.,228,demo://reddit,demo://ai-music,reddit-ai-music-5,text,,,,,,,,ai music signal new release blends human vocals with machine composition this sample item represents how ai music is discussed online,0.06818181818181818,0.7080745341614907,0.5868181818181818,0.62,0.607,0.6,0.6023863636363636,0.6676,0.76,0.69,0.76,electronic,0.75,0.6238801621596861
2026-03-15,Reddit,AI music,AI music signal 7: exciting breakthrough in AI music tools. This sample item represents how ai music is discussed online.,179,demo://reddit,demo://ai-music,reddit-ai-music-6,text,,,,,,,,ai music signal exciting breakthrough in ai music tools this sample item represents how ai music is discussed online,0.3,0.5559006211180124,0.61,0.62,0.607,0.6,0.6105,0.6676,0.76,0.69,0.76,electronic,0.75,0.608686931613603
2026-03-22,Reddit,AI music,AI music signal 8: artists debate the future of generative sound design. This sample item represents how ai music is discussed online.,211,demo://reddit,demo://ai-music,reddit-ai-music-7,text,,,,,,,,ai music signal artists debate the future of generative sound design this sample item represents how ai music is discussed online,0.2,0.65527950310559,0.6,0.62,0.607,0.6,0.607,0.6676,0.76,0.69,0.76,electronic,0.75,0.6144610502686492
2026-03-28,Reddit,AI music,AI music signal 9: new release blends human vocals with machine composition. This sample item represents how ai music is discussed online.,202,demo://reddit,demo://ai-music,reddit-ai-music-8,text,,,,,,,,ai music signal new release blends human vocals with machine composition this sample item represents how ai music is discussed online,0.06818181818181818,0.6273291925465838,0.5868181818181818,0.62,0.607,0.6,0.6023863636363636,0.6676,0.76,0.69,0.76,electronic,0.75,0.4851652236128787
2026-04-03,Reddit,AI music,AI music signal 10: exciting breakthrough in AI music tools. This sample item represents how ai music is discussed online.,213,demo://reddit,demo://ai-music,reddit-ai-music-9,text,,,,,,,,ai music signal exciting breakthrough in ai music tools this sample item represents how ai music is discussed online,0.3,0.6614906832298136,0.61,0.62,0.607,0.6,0.6105,0.6676,0.76,0.69,0.76,electronic,0.75,0.6918824002799701
2026-04-16,Reddit,AI music,AI music signal 11: artists debate the future of generative sound design. This sample item represents how ai music is discussed online.,196,demo://reddit,demo://ai-music,reddit-ai-music-10,text,,,,,,,,ai music signal artists debate the future of generative sound design this sample item represents how ai music is discussed online,0.2,0.6086956521739131,0.6,0.62,0.607,0.6,0.607,0.6676,0.76,0.69,0.76,electronic,0.75,0.5390649648340073
2026-04-24,Reddit,AI music,AI music signal 12: new release blends human vocals with machine composition. This sample item represents how ai music is discussed online.,247,demo://reddit,demo://ai-music,reddit-ai-music-11,text,,,,,,,,ai music signal new release blends human vocals with machine composition this sample item represents how ai music is discussed online,0.06818181818181818,0.7670807453416149,0.5868181818181818,0.62,0.607,0.6,0.6023863636363636,0.6676,0.76,0.69,0.76,electronic,0.75,0.7243747732917016
2026-03-10,Reddit,AI music,AI music signal 13: exciting breakthrough in AI music tools. This sample item represents how ai music is discussed online.,211,demo://reddit,demo://ai-music,reddit-ai-music-12,text,,,,,,,,ai music signal exciting breakthrough in ai music tools this sample item represents how ai music is discussed online,0.3,0.65527950310559,0.61,0.62,0.607,0.6,0.6105,0.6676,0.76,0.69,0.76,electronic,0.75,0.6877910992703524
2026-03-28,Reddit,AI music,AI music signal 14: artists debate the future of generative sound design. This sample item represents how ai music is discussed online.,224,demo://reddit,demo://ai-music,reddit-ai-music-13,text,,,,,,,,ai music signal artists debate the future of generative sound design this sample item represents how ai music is discussed online,0.2,0.6956521739130435,0.6,0.62,0.607,0.6,0.607,0.6676,0.76,0.69,0.76,electronic,0.75,0.6798043243120058
2026-03-28,X,AI music,AI music signal 1: exciting breakthrough in AI music tools. This sample item represents how ai music is discussed online.,185,demo://x,demo://ai-music,x-ai-music-0,text+image,,,,,,,,ai music signal exciting breakthrough in ai music tools this sample item represents how ai music is discussed online,0.3,0.6401384083044983,0.61,0.62,0.607,0.6,0.6105,0.6676,0.76,0.69,0.76,electronic,0.75,0.7396387780175004
2026-03-28,X,AI music,AI music signal 2: artists debate the future of generative sound design. This sample item represents how ai music is discussed online.,187,demo://x,demo://ai-music,x-ai-music-1,text+image,,,,,,,,ai music signal artists debate the future of generative sound design this sample item represents how ai music is discussed online,0.2,0.6470588235294118,0.6,0.62,0.607,0.6,0.607,0.6676,0.76,0.69,0.76,electronic,0.75,0.6121757533458017
2026-03-25,X,AI music,AI music signal 3: new release blends human vocals with machine composition. This sample item represents how ai music is discussed online.,160,demo://x,demo://ai-music,x-ai-music-2,text+image,,,,,,,,ai music signal new release blends human vocals with machine composition this sample item represents how ai music is discussed online,0.06818181818181818,0.5536332179930796,0.5868181818181818,0.62,0.607,0.6,0.6023863636363636,0.6676,0.76,0.69,0.76,electronic,0.75,0.5026205994770371
2026-04-29,X,AI music,AI music signal 4: exciting breakthrough in AI music tools. This sample item represents how ai music is discussed online.,189,demo://x,demo://ai-music,x-ai-music-3,text+image,,,,,,,,ai music signal exciting breakthrough in ai music tools this sample item represents how ai music is discussed online,0.3,0.6539792387543253,0.61,0.62,0.607,0.6,0.6105,0.6676,0.76,0.69,0.76,electronic,0.75,0.7502725397074819
2026-04-14,X,AI music,AI music signal 5: artists debate the future of generative sound design. This sample item represents how ai music is discussed online.,142,demo://x,demo://ai-music,x-ai-music-4,text+image,,,,,,,,ai music signal artists debate the future of generative sound design this sample item represents how ai music is discussed online,0.2,0.4913494809688581,0.6,0.62,0.607,0.6,0.607,0.6676,0.76,0.69,0.76,electronic,0.75,0.5863647345708964
2026-04-06,X,AI music,AI music signal 6: new release blends human vocals with machine composition. This sample item represents how ai music is discussed online.,145,demo://x,demo://ai-music,x-ai-music-5,text+image,,,,,,,,ai music signal new release blends human vocals with machine composition this sample item represents how ai music is discussed online,0.06818181818181818,0.5017301038062284,0.5868181818181818,0.62,0.607,0.6,0.6023863636363636,0.6676,0.76,0.69,0.76,electronic,0.75,0.4857742836315001
2026-03-12,X,AI music,AI music signal 7: exciting breakthrough in AI music tools. This sample item represents how ai music is discussed online.,181,demo://x,demo://ai-music,x-ai-music-6,text+image,,,,,,,,ai music signal exciting breakthrough in ai music tools this sample item represents how ai music is discussed online,0.3,0.6262975778546713,0.61,0.62,0.607,0.6,0.6105,0.6676,0.76,0.69,0.76,electronic,0.75,0.7331209167037716
2026-04-27,X,AI music,AI music signal 8: artists debate the future of generative sound design. This sample item represents how ai music is discussed online.,173,demo://x,demo://ai-music,x-ai-music-7,text+image,,,,,,,,ai music signal artists debate the future of generative sound design this sample item represents how ai music is discussed online,0.2,0.5986159169550173,0.6,0.62,0.607,0.6,0.607,0.6676,0.76,0.69,0.76,electronic,0.75,0.595134372752554
2026-04-04,X,AI music,AI music signal 9: new release blends human vocals with machine composition. This sample item represents how ai music is discussed online.,161,demo://x,demo://ai-music,x-ai-music-8,text+image,,,,,,,,ai music signal new release blends human vocals with machine composition this sample item represents how ai music is discussed online,0.06818181818181818,0.5570934256055363,0.5868181818181818,0.62,0.607,0.6,0.6023863636363636,0.6676,0.76,0.69,0.76,electronic,0.75,0.5037436872000728
2026-03-22,X,AI music,AI music signal 10: exciting breakthrough in AI music tools. This sample item represents how ai music is discussed online.,173,demo://x,demo://ai-music,x-ai-music-9,text+image,,,,,,,,ai music signal exciting breakthrough in ai music tools this sample item represents how ai music is discussed online,0.3,0.5986159169550173,0.61,0.62,0.607,0.6,0.6105,0.6676,0.76,0.69,0.76,electronic,0.75,0.7235298605718976
2026-03-02,X,AI music,AI music signal 11: artists debate the future of generative sound design. This sample item represents how ai music is discussed online.,164,demo://x,demo://ai-music,x-ai-music-10,text+image,,,,,,,,ai music signal artists debate the future of generative sound design this sample item represents how ai music is discussed online,0.2,0.5674740484429066,0.6,0.62,0.607,0.6,0.607,0.6676,0.76,0.69,0.76,electronic,0.75,0.5865804168570862
2026-03-22,X,AI music,AI music signal 12: new release blends human vocals with machine composition. This sample item represents how ai music is discussed online.,180,demo://x,demo://ai-music,x-ai-music-11,text+image,,,,,,,,ai music signal new release blends human vocals with machine composition this sample item represents how ai music is discussed online,0.06818181818181818,0.6228373702422145,0.5868181818181818,0.62,0.607,0.6,0.6023863636363636,0.6676,0.76,0.69,0.76,electronic,0.75,0.5285281794010506
2026-04-11,X,AI music,AI music signal 13: exciting breakthrough in AI music tools. This sample item represents how ai music is discussed online.,162,demo://x,demo://ai-music,x-ai-music-12,text+image,,,,,,,,ai music signal exciting breakthrough in ai music tools this sample item represents how ai music is discussed online,0.3,0.5605536332179931,0.61,0.62,0.607,0.6,0.6105,0.6676,0.76,0.69,0.76,electronic,0.75,0.7114285459659024
2026-04-20,X,AI music,AI music signal 14: artists debate the future of generative sound design. This sample item represents how ai music is discussed online.,162,demo://x,demo://ai-music,x-ai-music-13,text+image,,,,,,,,ai music signal artists debate the future of generative sound design this sample item represents how ai music is discussed online,0.2,0.5605536332179931,0.6,0.62,0.607,0.6,0.607,0.6676,0.76,0.69,0.76,electronic,0.75,0.5846795377692044
2026-03-15,NewsAPI,Sustainable fashion,Sustainable fashion signal 1: thoughtful coverage of circular fashion and repair culture. This sample item represents how sustainable fashion is discussed online.,7,demo://newsapi,demo://sustainable-fashion,newsapi-sustainable-fashion-0,text+image,,,,,,,,sustainable fashion signal thoughtful coverage of circular fashion and repair culture this sample item represents how sustainable fashion is discussed online,0.4,0.875,0.7000000000000001,0.48,0.488,0.42,0.5389999999999999,0.5606,0.46,0.42,0.46,electronic,0.75,0.7111354483255844
2026-03-18,NewsAPI,Sustainable fashion,Sustainable fashion signal 2: consumers respond positively to eco friendly design. This sample item represents how sustainable fashion is discussed online.,5,demo://newsapi,demo://sustainable-fashion,newsapi-sustainable-fashion-1,text+image,,,,,,,,sustainable fashion signal consumers respond positively to eco friendly design this sample item represents how sustainable fashion is discussed online,0.30113636363636365,0.625,0.6901136363636364,0.48,0.488,0.42,0.5355397727272727,0.5606,0.46,0.42,0.46,electronic,0.75,0.4540087853399952
2026-03-07,NewsAPI,Sustainable fashion,Sustainable fashion signal 3: brands face pressure to prove sustainability claims. This sample item represents how sustainable fashion is discussed online.,7,demo://newsapi,demo://sustainable-fashion,newsapi-sustainable-fashion-2,text+image,,,,,,,,sustainable fashion signal brands face pressure to prove sustainability claims this sample item represents how sustainable fashion is discussed online,0.0,0.875,0.66,0.48,0.488,0.42,0.5249999999999999,0.5606,0.46,0.42,0.46,electronic,0.75,0.7960644059387811
2026-03-31,NewsAPI,Sustainable fashion,Sustainable fashion signal 4: thoughtful coverage of circular fashion and repair culture. This sample item represents how sustainable fashion is discussed online.,7,demo://newsapi,demo://sustainable-fashion,newsapi-sustainable-fashion-3,text+image,,,,,,,,sustainable fashion signal thoughtful coverage of circular fashion and repair culture this sample item represents how sustainable fashion is discussed online,0.4,0.875,0.7000000000000001,0.48,0.488,0.42,0.5389999999999999,0.5606,0.46,0.42,0.46,electronic,0.75,0.7111354483255844
2026-04-01,NewsAPI,Sustainable fashion,Sustainable fashion signal 5: consumers respond positively to eco friendly design. This sample item represents how sustainable fashion is discussed online.,6,demo://newsapi,demo://sustainable-fashion,newsapi-sustainable-fashion-4,text+image,,,,,,,,sustainable fashion signal consumers respond positively to eco friendly design this sample item represents how sustainable fashion is discussed online,0.30113636363636365,0.75,0.6901136363636364,0.48,0.488,0.42,0.5355397727272727,0.5606,0.46,0.42,0.46,electronic,0.75,0.5366873923824611
2026-04-04,NewsAPI,Sustainable fashion,Sustainable fashion signal 6: brands face pressure to prove sustainability claims. This sample item represents how sustainable fashion is discussed online.,5,demo://newsapi,demo://sustainable-fashion,newsapi-sustainable-fashion-5,text+image,,,,,,,,sustainable fashion signal brands face pressure to prove sustainability claims this sample item represents how sustainable fashion is discussed online,0.0,0.625,0.66,0.48,0.488,0.42,0.5249999999999999,0.5606,0.46,0.42,0.46,electronic,0.75,0.6271843674843153
2026-03-20,NewsAPI,Sustainable fashion,Sustainable fashion signal 7: thoughtful coverage of circular fashion and repair culture. This sample item represents how sustainable fashion is discussed online.,2,demo://newsapi,demo://sustainable-fashion,newsapi-sustainable-fashion-6,text+image,,,,,,,,sustainable fashion signal thoughtful coverage of circular fashion and repair culture this sample item represents how sustainable fashion is discussed online,0.4,0.25,0.7000000000000001,0.48,0.488,0.42,0.5389999999999999,0.5606,0.46,0.42,0.46,electronic,0.75,0.4091410715593547
2026-03-24,NewsAPI,Sustainable fashion,Sustainable fashion signal 8: consumers respond positively to eco friendly design. This sample item represents how sustainable fashion is discussed online.,3,demo://newsapi,demo://sustainable-fashion,newsapi-sustainable-fashion-7,text+image,,,,,,,,sustainable fashion signal consumers respond positively to eco friendly design this sample item represents how sustainable fashion is discussed online,0.30113636363636365,0.375,0.6901136363636364,0.48,0.488,0.42,0.5355397727272727,0.5606,0.46,0.42,0.46,electronic,0.75,0.42019682103469325
2026-04-10,NewsAPI,Sustainable fashion,Sustainable fashion signal 9: brands face pressure to prove sustainability claims. This sample item represents how sustainable fashion is discussed online.,4,demo://newsapi,demo://sustainable-fashion,newsapi-sustainable-fashion-8,text+image,,,,,,,,sustainable fashion signal brands face pressure to prove sustainability claims this sample item represents how sustainable fashion is discussed online,0.0,0.5,0.66,0.48,0.488,0.42,0.5249999999999999,0.5606,0.46,0.42,0.46,electronic,0.75,0.5085193970273489
2026-04-23,NewsAPI,Sustainable fashion,Sustainable fashion signal 10: thoughtful coverage of circular fashion and repair culture. This sample item represents how sustainable fashion is discussed online.,7,demo://newsapi,demo://sustainable-fashion,newsapi-sustainable-fashion-9,text+image,,,,,,,,sustainable fashion signal thoughtful coverage of circular fashion and repair culture this sample item represents how sustainable fashion is discussed online,0.4,0.875,0.7000000000000001,0.48,0.488,0.42,0.5389999999999999,0.5606,0.46,0.42,0.46,electronic,0.75,0.7111354483255844
2026-04-01,Spotify,Sustainable fashion,Sustainable fashion signal 1: thoughtful coverage of circular fashion and repair culture. This sample item represents how sustainable fashion is discussed online.,43,demo://spotify,demo://sustainable-fashion,spotify-sustainable-fashion-0,text+audio+image,0.55,0.47,0.58,108.0,0.36,0.12,0.07,sustainable fashion signal thoughtful coverage of circular fashion and repair culture this sample item represents how sustainable fashion is discussed online,0.4,0.4479166666666667,0.7000000000000001,0.48,0.488,0.42,0.5389999999999999,0.5606,0.498,0.33399999999999996,0.4,electronic,0.6,0.4672043983299081
2026-03-20,Spotify,Sustainable fashion,Sustainable fashion signal 2: consumers respond positively to eco friendly design. This sample item represents how sustainable fashion is discussed online.,54,demo://spotify,demo://sustainable-fashion,spotify-sustainable-fashion-1,text+audio+image,0.55,0.47,0.58,108.0,0.36,0.12,0.07,sustainable fashion signal consumers respond positively to eco friendly design this sample item represents how sustainable fashion is discussed online,0.30113636363636365,0.5625,0.6901136363636364,0.48,0.488,0.42,0.5355397727272727,0.5606,0.498,0.33399999999999996,0.4,electronic,0.6,0.4903504311114928
2026-04-15,Spotify,Sustainable fashion,Sustainable fashion signal 3: brands face pressure to prove sustainability claims. This sample item represents how sustainable fashion is discussed online.,50,demo://spotify,demo://sustainable-fashion,spotify-sustainable-fashion-2,text+audio+image,0.55,0.47,0.58,108.0,0.36,0.12,0.07,sustainable fashion signal brands face pressure to prove sustainability claims this sample item represents how sustainable fashion is discussed online,0.0,0.5208333333333334,0.66,0.48,0.488,0.42,0.5249999999999999,0.5606,0.498,0.33399999999999996,0.4,electronic,0.6,0.49804054698419165
2026-03-15,Spotify,Sustainable fashion,Sustainable fashion signal 4: thoughtful coverage of circular fashion and repair culture. This sample item represents how sustainable fashion is discussed online.,39,demo://spotify,demo://sustainable-fashion,spotify-sustainable-fashion-3,text+audio+image,0.55,0.47,0.58,108.0,0.36,0.12,0.07,sustainable fashion signal thoughtful coverage of circular fashion and repair culture this sample item represents how sustainable fashion is discussed online,0.4,0.40625,0.7000000000000001,0.48,0.488,0.42,0.5389999999999999,0.5606,0.498,0.33399999999999996,0.4,electronic,0.6,0.4916409454870734
2026-03-17,Spotify,Sustainable fashion,Sustainable fashion signal 5: consumers respond positively to eco friendly design. This sample item represents how sustainable fashion is discussed online.,38,demo://spotify,demo://sustainable-fashion,spotify-sustainable-fashion-4,text+audio+image,0.55,0.47,0.58,108.0,0.36,0.12,0.07,sustainable fashion signal consumers respond positively to eco friendly design this sample item represents how sustainable fashion is discussed online,0.30113636363636365,0.3958333333333333,0.6901136363636364,0.48,0.488,0.42,0.5355397727272727,0.5606,0.498,0.33399999999999996,0.4,electronic,0.6,0.5787087701966135
2026-04-14,Spotify,Sustainable fashion,Sustainable fashion signal 6: brands face pressure to prove sustainability claims. This sample item represents how sustainable fashion is discussed online.,43,demo://spotify,demo://sustainable-fashion,spotify-sustainable-fashion-5,text+audio+image,0.55,0.47,0.58,108.0,0.36,0.12,0.07,sustainable fashion signal brands face pressure to prove sustainability claims this sample item represents how sustainable fashion is discussed online,0.0,0.4479166666666667,0.66,0.48,0.488,0.42,0.5249999999999999,0.5606,0.498,0.33399999999999996,0.4,electronic,0.6,0.47842358026109133
2026-04-23,Spotify,Sustainable fashion,Sustainable fashion signal 7: thoughtful coverage of circular fashion and repair culture. This sample item represents how sustainable fashion is discussed online.,33,demo://spotify,demo://sustainable-fashion,spotify-sustainable-fashion-6,text+audio+image,0.55,0.47,0.58,108.0,0.36,0.12,0.07,sustainable fashion signal thoughtful coverage of circular fashion and repair culture this sample item represents how sustainable fashion is discussed online,0.4,0.34375,0.7000000000000001,0.48,0.488,0.42,0.5389999999999999,0.5606,0.498,0.33399999999999996,0.4,electronic,0.6,0.5280003433513676
2026-04-03,Spotify,Sustainable fashion,Sustainable fashion signal 8: consumers respond positively to eco friendly design. This sample item represents how sustainable fashion is discussed online.,48,demo://spotify,demo://sustainable-fashion,spotify-sustainable-fashion-7,text+audio+image,0.55,0.47,0.58,108.0,0.36,0.12,0.07,sustainable fashion signal consumers respond positively to eco friendly design this sample item represents how sustainable fashion is discussed online,0.30113636363636365,0.5,0.6901136363636364,0.48,0.488,0.42,0.5355397727272727,0.5606,0.498,0.33399999999999996,0.4,electronic,0.6,0.5240739005545713
2026-03-13,Spotify,Sustainable fashion,Sustainable fashion signal 9: brands face pressure to prove sustainability claims. This sample item represents how sustainable fashion is discussed online.,41,demo://spotify,demo://sustainable-fashion,spotify-sustainable-fashion-8,text+audio+image,0.55,0.47,0.58,108.0,0.36,0.12,0.07,sustainable fashion signal brands face pressure to prove sustainability claims this sample item represents how sustainable fashion is discussed online,0.0,0.4270833333333333,0.66,0.48,0.488,0.42,0.5249999999999999,0.5606,0.498,0.33399999999999996,0.4,electronic,0.6,0.47316971098337013
2026-03-27,Spotify,Sustainable fashion,Sustainable fashion signal 10: thoughtful coverage of circular fashion and repair culture. This sample item represents how sustainable fashion is discussed online.,35,demo://spotify,demo://sustainable-fashion,spotify-sustainable-fashion-9,text+audio+image,0.55,0.47,0.58,108.0,0.36,0.12,0.07,sustainable fashion signal thoughtful coverage of circular fashion and repair culture this sample item represents how sustainable fashion is discussed online,0.4,0.3645833333333333,0.7000000000000001,0.48,0.488,0.42,0.5389999999999999,0.5606,0.498,0.33399999999999996,0.4,electronic,0.6,0.5160774926442387
2026-04-29,Reddit,Sustainable fashion,Sustainable fashion signal 1: thoughtful coverage of circular fashion and repair culture. This sample item represents how sustainable fashion is discussed online.,149,demo://reddit,demo://sustainable-fashion,reddit-sustainable-fashion-0,text,,,,,,,,sustainable fashion signal thoughtful coverage of circular fashion and repair culture this sample item represents how sustainable fashion is discussed online,0.4,0.46273291925465837,0.7000000000000001,0.48,0.488,0.42,0.5389999999999999,0.5606,0.46,0.42,0.46,electronic,0.75,0.5858729760143528
2026-03-16,Reddit,Sustainable fashion,Sustainable fashion signal 2: consumers respond positively to eco friendly design. This sample item represents how sustainable fashion is discussed online.,164,demo://reddit,demo://sustainable-fashion,reddit-sustainable-fashion-1,text,,,,,,,,sustainable fashion signal consumers respond positively to eco friendly design this sample item represents how sustainable fashion is discussed online,0.30113636363636365,0.5093167701863354,0.6901136363636364,0.48,0.488,0.42,0.5355397727272727,0.5606,0.46,0.42,0.46,electronic,0.75,0.5324486386446292
2026-04-12,Reddit,Sustainable fashion,Sustainable fashion signal 3: brands face pressure to prove sustainability claims. This sample item represents how sustainable fashion is discussed online.,193,demo://reddit,demo://sustainable-fashion,reddit-sustainable-fashion-2,text,,,,,,,,sustainable fashion signal brands face pressure to prove sustainability claims this sample item represents how sustainable fashion is discussed online,0.0,0.5993788819875776,0.66,0.48,0.488,0.42,0.5249999999999999,0.5606,0.46,0.42,0.46,electronic,0.75,0.6503316102666215
2026-03-24,Reddit,Sustainable fashion,Sustainable fashion signal 4: thoughtful coverage of circular fashion and repair culture. This sample item represents how sustainable fashion is discussed online.,155,demo://reddit,demo://sustainable-fashion,reddit-sustainable-fashion-3,text,,,,,,,,sustainable fashion signal thoughtful coverage of circular fashion and repair culture this sample item represents how sustainable fashion is discussed online,0.4,0.4813664596273292,0.7000000000000001,0.48,0.488,0.42,0.5389999999999999,0.5606,0.46,0.42,0.46,electronic,0.75,0.6009773587428786
2026-03-24,Reddit,Sustainable fashion,Sustainable fashion signal 5: consumers respond positively to eco friendly design. This sample item represents how sustainable fashion is discussed online.,163,demo://reddit,demo://sustainable-fashion,reddit-sustainable-fashion-4,text,,,,,,,,sustainable fashion signal consumers respond positively to eco friendly design this sample item represents how sustainable fashion is discussed online,0.30113636363636365,0.5062111801242236,0.6901136363636364,0.48,0.488,0.42,0.5355397727272727,0.5606,0.46,0.42,0.46,electronic,0.75,0.5316873349140683
2026-04-25,Reddit,Sustainable fashion,Sustainable fashion signal 6: brands face pressure to prove sustainability claims. This sample item represents how sustainable fashion is discussed online.,164,demo://reddit,demo://sustainable-fashion,reddit-sustainable-fashion-5,text,,,,,,,,sustainable fashion signal brands face pressure to prove sustainability claims this sample item represents how sustainable fashion is discussed online,0.0,0.5093167701863354,0.66,0.48,0.488,0.42,0.5249999999999999,0.5606,0.46,0.42,0.46,electronic,0.75,0.6077556105963399
2026-04-20,Reddit,Sustainable fashion,Sustainable fashion signal 7: thoughtful coverage of circular fashion and repair culture. This sample item represents how sustainable fashion is discussed online.,177,demo://reddit,demo://sustainable-fashion,reddit-sustainable-fashion-6,text,,,,,,,,sustainable fashion signal thoughtful coverage of circular fashion and repair culture this sample item represents how sustainable fashion is discussed online,0.4,0.5496894409937888,0.7000000000000001,0.48,0.488,0.42,0.5389999999999999,0.5606,0.46,0.42,0.46,electronic,0.75,0.6291214528433483
2026-04-01,Reddit,Sustainable fashion,Sustainable fashion signal 8: consumers respond positively to eco friendly design. This sample item represents how sustainable fashion is discussed online.,167,demo://reddit,demo://sustainable-fashion,reddit-sustainable-fashion-7,text,,,,,,,,sustainable fashion signal consumers respond positively to eco friendly design this sample item represents how sustainable fashion is discussed online,0.30113636363636365,0.5186335403726708,0.6901136363636364,0.48,0.488,0.42,0.5355397727272727,0.5606,0.46,0.42,0.46,electronic,0.75,0.5347325498363117
2026-03-21,Reddit,Sustainable fashion,Sustainable fashion signal 9: brands face pressure to prove sustainability claims. This sample item represents how sustainable fashion is discussed online.,135,demo://reddit,demo://sustainable-fashion,reddit-sustainable-fashion-8,text,,,,,,,,sustainable fashion signal brands face pressure to prove sustainability claims this sample item represents how sustainable fashion is discussed online,0.0,0.4192546583850932,0.66,0.48,0.488,0.42,0.5249999999999999,0.5606,0.46,0.42,0.46,electronic,0.75,0.5391272063846377
2026-04-24,Reddit,Sustainable fashion,Sustainable fashion signal 10: thoughtful coverage of circular fashion and repair culture. This sample item represents how sustainable fashion is discussed online.,147,demo://reddit,demo://sustainable-fashion,reddit-sustainable-fashion-9,text,,,,,,,,sustainable fashion signal thoughtful coverage of circular fashion and repair culture this sample item represents how sustainable fashion is discussed online,0.4,0.45652173913043476,0.7000000000000001,0.48,0.488,0.42,0.5389999999999999,0.5606,0.46,0.42,0.46,electronic,0.75,0.5808381817715109
2026-04-13,X,Sustainable fashion,Sustainable fashion signal 1: thoughtful coverage of circular fashion and repair culture. This sample item represents how sustainable fashion is discussed online.,114,demo://x,demo://sustainable-fashion,x-sustainable-fashion-0,text+image,,,,,,,,sustainable fashion signal thoughtful coverage of circular fashion and repair culture this sample item represents how sustainable fashion is discussed online,0.4,0.3944636678200692,0.7000000000000001,0.48,0.488,0.42,0.5389999999999999,0.5606,0.46,0.42,0.46,electronic,0.75,0.4482636658455357
2026-03-06,X,Sustainable fashion,Sustainable fashion signal 2: consumers respond positively to eco friendly design. This sample item represents how sustainable fashion is discussed online.,98,demo://x,demo://sustainable-fashion,x-sustainable-fashion-1,text+image,,,,,,,,sustainable fashion signal consumers respond positively to eco friendly design this sample item represents how sustainable fashion is discussed online,0.30113636363636365,0.3391003460207612,0.6901136363636364,0.48,0.488,0.42,0.5355397727272727,0.5606,0.46,0.42,0.46,electronic,0.75,0.4412286361000154
2026-03-25,X,Sustainable fashion,Sustainable fashion signal 3: brands face pressure to prove sustainability claims. This sample item represents how sustainable fashion is discussed online.,117,demo://x,demo://sustainable-fashion,x-sustainable-fashion-2,text+image,,,,,,,,sustainable fashion signal brands face pressure to prove sustainability claims this sample item represents how sustainable fashion is discussed online,0.0,0.40484429065743943,0.66,0.48,0.488,0.42,0.5249999999999999,0.5606,0.46,0.42,0.46,electronic,0.75,0.4250160897662181
2026-03-26,X,Sustainable fashion,Sustainable fashion signal 4: thoughtful coverage of circular fashion and repair culture. This sample item represents how sustainable fashion is discussed online.,96,demo://x,demo://sustainable-fashion,x-sustainable-fashion-3,text+image,,,,,,,,sustainable fashion signal thoughtful coverage of circular fashion and repair culture this sample item represents how sustainable fashion is discussed online,0.4,0.33217993079584773,0.7000000000000001,0.48,0.488,0.42,0.5389999999999999,0.5606,0.46,0.42,0.46,electronic,0.75,0.4441850743707483
2026-04-05,X,Sustainable fashion,Sustainable fashion signal 5: consumers respond positively to eco friendly design. This sample item represents how sustainable fashion is discussed online.,125,demo://x,demo://sustainable-fashion,x-sustainable-fashion-4,text+image,,,,,,,,sustainable fashion signal consumers respond positively to eco friendly design this sample item represents how sustainable fashion is discussed online,0.30113636363636365,0.43252595155709345,0.6901136363636364,0.48,0.488,0.42,0.5355397727272727,0.5606,0.46,0.42,0.46,electronic,0.75,0.45754516402103623
2026-04-02,X,Sustainable fashion,Sustainable fashion signal 6: brands face pressure to prove sustainability claims. This sample item represents how sustainable fashion is discussed online.,133,demo://x,demo://sustainable-fashion,x-sustainable-fashion-5,text+image,,,,,,,,sustainable fashion signal brands face pressure to prove sustainability claims this sample item represents how sustainable fashion is discussed online,0.0,0.4602076124567474,0.66,0.48,0.488,0.42,0.5249999999999999,0.5606,0.46,0.42,0.46,electronic,0.75,0.4415307138955152
2026-04-14,X,Sustainable fashion,Sustainable fashion signal 7: thoughtful coverage of circular fashion and repair culture. This sample item represents how sustainable fashion is discussed online.,167,demo://x,demo://sustainable-fashion,x-sustainable-fashion-6,text+image,,,,,,,,sustainable fashion signal thoughtful coverage of circular fashion and repair culture this sample item represents how sustainable fashion is discussed online,0.4,0.5778546712802768,0.7000000000000001,0.48,0.488,0.42,0.5389999999999999,0.5606,0.46,0.42,0.46,electronic,0.75,0.49298564271963663
2026-04-01,X,Sustainable fashion,Sustainable fashion signal 8: consumers respond positively to eco friendly design. This sample item represents how sustainable fashion is discussed online.,126,demo://x,demo://sustainable-fashion,x-sustainable-fashion-7,text+image,,,,,,,,sustainable fashion signal consumers respond positively to eco friendly design this sample item represents how sustainable fashion is discussed online,0.30113636363636365,0.4359861591695502,0.6901136363636364,0.48,0.488,0.42,0.5355397727272727,0.5606,0.46,0.42,0.46,electronic,0.75,0.45833309988046644
2026-04-21,X,Sustainable fashion,Sustainable fashion signal 9: brands face pressure to prove sustainability claims. This sample item represents how sustainable fashion is discussed online.,86,demo://x,demo://sustainable-fashion,x-sustainable-fashion-8,text+image,,,,,,,,sustainable fashion signal brands face pressure to prove sustainability claims this sample item represents how sustainable fashion is discussed online,0.0,0.2975778546712803,0.66,0.48,0.488,0.42,0.5249999999999999,0.5606,0.46,0.42,0.46,electronic,0.75,0.390180956583348
2026-03-27,X,Sustainable fashion,Sustainable fashion signal 10: thoughtful coverage of circular fashion and repair culture. This sample item represents how sustainable fashion is discussed online.,124,demo://x,demo://sustainable-fashion,x-sustainable-fashion-9,text+image,,,,,,,,sustainable fashion signal thoughtful coverage of circular fashion and repair culture this sample item represents how sustainable fashion is discussed online,0.4,0.4290657439446367,0.7000000000000001,0.48,0.488,0.42,0.5389999999999999,0.5606,0.46,0.42,0.46,electronic,0.75,0.4568329350499389
2026-03-04,NewsAPI,Mindfulness,Mindfulness signal 1: calm discussion about mindfulness routines and focus. This sample item represents how mindfulness is discussed online.,3,demo://newsapi,demo://mindfulness,newsapi-mindfulness-0,text+image,,,,,,,,mindfulness signal calm discussion about mindfulness routines and focus this sample item represents how mindfulness is discussed online,0.30000000000000004,0.375,0.75,0.34,0.36900000000000005,0.24,0.45349999999999996,0.41080000000000005,0.24,0.3,0.24,ambient,0.75,0.5054022905106779
2026-04-11,NewsAPI,Mindfulness,Mindfulness signal 2: listeners embrace meditation playlists for stress relief. This sample item represents how mindfulness is discussed online.,3,demo://newsapi,demo://mindfulness,newsapi-mindfulness-1,text+image,,,,,,,,mindfulness signal listeners embrace meditation playlists for stress relief this sample item represents how mindfulness is discussed online,0.0,0.375,0.72,0.34,0.36900000000000005,0.24,0.443,0.41080000000000005,0.24,0.3,0.24,ambient,0.75,0.339424828534111
2026-04-13,NewsAPI,Mindfulness,Mindfulness signal 3: community members share helpful wellness habits. This sample item represents how mindfulness is discussed online.,6,demo://newsapi,demo://mindfulness,newsapi-mindfulness-2,text+image,,,,,,,,mindfulness signal community members share helpful wellness habits this sample item represents how mindfulness is discussed online,0.0,0.75,0.72,0.34,0.36900000000000005,0.24,0.443,0.41080000000000005,0.24,0.3,0.24,ambient,0.75,0.5076114155273387
2026-04-29,NewsAPI,Mindfulness,Mindfulness signal 4: calm discussion about mindfulness routines and focus. This sample item represents how mindfulness is discussed online.,4,demo://newsapi,demo://mindfulness,newsapi-mindfulness-3,text+image,,,,,,,,mindfulness signal calm discussion about mindfulness routines and focus this sample item represents how mindfulness is discussed online,0.30000000000000004,0.5,0.75,0.34,0.36900000000000005,0.24,0.45349999999999996,0.41080000000000005,0.24,0.3,0.24,ambient,0.75,0.5307879698080384
2026-03-29,NewsAPI,Mindfulness,Mindfulness signal 5: listeners embrace meditation playlists for stress relief. This sample item represents how mindfulness is discussed online.,2,demo://newsapi,demo://mindfulness,newsapi-mindfulness-4,text+image,,,,,,,,mindfulness signal listeners embrace meditation playlists for stress relief this sample item represents how mindfulness is discussed online,0.0,0.25,0.72,0.34,0.36900000000000005,0.24,0.443,0.41080000000000005,0.24,0.3,0.24,ambient,0.75,0.32200610598458806
2026-04-22,NewsAPI,Mindfulness,Mindfulness signal 6: community members share helpful wellness habits. This sample item represents how mindfulness is discussed online.,1,demo://newsapi,demo://mindfulness,newsapi-mindfulness-5,text+image,,,,,,,,mindfulness signal community members share helpful wellness habits this sample item represents how mindfulness is discussed online,0.0,0.125,0.72,0.34,0.36900000000000005,0.24,0.443,0.41080000000000005,0.24,0.3,0.24,ambient,0.75,0.30458738343506586
2026-03-22,NewsAPI,Mindfulness,Mindfulness signal 7: calm discussion about mindfulness routines and focus. This sample item represents how mindfulness is discussed online.,4,demo://newsapi,demo://mindfulness,newsapi-mindfulness-6,text+image,,,,,,,,mindfulness signal calm discussion about mindfulness routines and focus this sample item represents how mindfulness is discussed online,0.30000000000000004,0.5,0.75,0.34,0.36900000000000005,0.24,0.45349999999999996,0.41080000000000005,0.24,0.3,0.24,ambient,0.75,0.5307879698080384
2026-03-21,NewsAPI,Mindfulness,Mindfulness signal 8: listeners embrace meditation playlists for stress relief. This sample item represents how mindfulness is discussed online.,8,demo://newsapi,demo://mindfulness,newsapi-mindfulness-7,text+image,,,,,,,,mindfulness signal listeners embrace meditation playlists for stress relief this sample item represents how mindfulness is discussed online,0.0,1.0,0.72,0.34,0.36900000000000005,0.24,0.443,0.41080000000000005,0.24,0.3,0.24,ambient,0.75,0.7136348135158499
2026-03-05,Spotify,Mindfulness,Mindfulness signal 1: calm discussion about mindfulness routines and focus. This sample item represents how mindfulness is discussed online.,82,demo://spotify,demo://mindfulness,spotify-mindfulness-0,text+audio+image,0.35,0.24,0.67,82.0,0.72,0.55,0.05,mindfulness signal calm discussion about mindfulness routines and focus this sample item represents how mindfulness is discussed online,0.30000000000000004,0.8541666666666666,0.75,0.34,0.36900000000000005,0.24,0.45349999999999996,0.41080000000000005,0.3421666666666667,0.3005,0.18333333333333332,ambient,0.82,0.7773888648076577
2026-03-15,Spotify,Mindfulness,Mindfulness signal 2: listeners embrace meditation playlists for stress relief. This sample item represents how mindfulness is discussed online.,67,demo://spotify,demo://mindfulness,spotify-mindfulness-1,text+audio+image,0.35,0.24,0.67,82.0,0.72,0.55,0.05,mindfulness signal listeners embrace meditation playlists for stress relief this sample item represents how mindfulness is discussed online,0.0,0.6979166666666666,0.72,0.34,0.36900000000000005,0.24,0.443,0.41080000000000005,0.3421666666666667,0.3005,0.18333333333333332,ambient,0.82,0.6140801213411984
2026-03-03,Spotify,Mindfulness,Mindfulness signal 3: community members share helpful wellness habits. This sample item represents how mindfulness is discussed online.,62,demo://spotify,demo://mindfulness,spotify-mindfulness-2,text+audio+image,0.35,0.24,0.67,82.0,0.72,0.55,0.05,mindfulness signal community members share helpful wellness habits this sample item represents how mindfulness is discussed online,0.0,0.6458333333333334,0.72,0.34,0.36900000000000005,0.24,0.443,0.41080000000000005,0.3421666666666667,0.3005,0.18333333333333332,ambient,0.82,0.5890700732353127
2026-04-17,Spotify,Mindfulness,Mindfulness signal 4: calm discussion about mindfulness routines and focus. This sample item represents how mindfulness is discussed online.,65,demo://spotify,demo://mindfulness,spotify-mindfulness-3,text+audio+image,0.35,0.24,0.67,82.0,0.72,0.55,0.05,mindfulness signal calm discussion about mindfulness routines and focus this sample item represents how mindfulness is discussed online,0.30000000000000004,0.6770833333333334,0.75,0.34,0.36900000000000005,0.24,0.45349999999999996,0.41080000000000005,0.3421666666666667,0.3005,0.18333333333333332,ambient,0.82,0.6483635776422425
2026-03-29,Spotify,Mindfulness,Mindfulness signal 5: listeners embrace meditation playlists for stress relief. This sample item represents how mindfulness is discussed online.,64,demo://spotify,demo://mindfulness,spotify-mindfulness-4,text+audio+image,0.35,0.24,0.67,82.0,0.72,0.55,0.05,mindfulness signal listeners embrace meditation playlists for stress relief this sample item represents how mindfulness is discussed online,0.0,0.6666666666666666,0.72,0.34,0.36900000000000005,0.24,0.443,0.41080000000000005,0.3421666666666667,0.3005,0.18333333333333332,ambient,0.82,0.5996519762775949
2026-04-08,Spotify,Mindfulness,Mindfulness signal 6: community members share helpful wellness habits. This sample item represents how mindfulness is discussed online.,80,demo://spotify,demo://mindfulness,spotify-mindfulness-5,text+audio+image,0.35,0.24,0.67,82.0,0.72,0.55,0.05,mindfulness signal community members share helpful wellness habits this sample item represents how mindfulness is discussed online,0.0,0.8333333333333334,0.72,0.34,0.36900000000000005,0.24,0.443,0.41080000000000005,0.3421666666666667,0.3005,0.18333333333333332,ambient,0.82,0.7224130969754473
2026-03-04,Spotify,Mindfulness,Mindfulness signal 7: calm discussion about mindfulness routines and focus. This sample item represents how mindfulness is discussed online.,81,demo://spotify,demo://mindfulness,spotify-mindfulness-6,text+audio+image,0.35,0.24,0.67,82.0,0.72,0.55,0.05,mindfulness signal calm discussion about mindfulness routines and focus this sample item represents how mindfulness is discussed online,0.30000000000000004,0.84375,0.75,0.34,0.36900000000000005,0.24,0.45349999999999996,0.41080000000000005,0.3421666666666667,0.3005,0.18333333333333332,ambient,0.82,0.7662511234158158
2026-04-11,Spotify,Mindfulness,Mindfulness signal 8: listeners embrace meditation playlists for stress relief. This sample item represents how mindfulness is discussed online.,76,demo://spotify,demo://mindfulness,spotify-mindfulness-7,text+audio+image,0.35,0.24,0.67,82.0,0.72,0.55,0.05,mindfulness signal listeners embrace meditation playlists for stress relief this sample item represents how mindfulness is discussed online,0.0,0.7916666666666666,0.72,0.34,0.36900000000000005,0.24,0.443,0.41080000000000005,0.3421666666666667,0.3005,0.18333333333333332,ambient,0.82,0.6879785599701063
2026-03-24,Reddit,Mindfulness,Mindfulness signal 1: calm discussion about mindfulness routines and focus. This sample item represents how mindfulness is discussed online.,140,demo://reddit,demo://mindfulness,reddit-mindfulness-0,text,,,,,,,,mindfulness signal calm discussion about mindfulness routines and focus this sample item represents how mindfulness is discussed online,0.30000000000000004,0.43478260869565216,0.75,0.34,0.36900000000000005,0.24,0.45349999999999996,0.41080000000000005,0.24,0.3,0.24,ambient,0.75,0.5018417722376913
2026-03-31,Reddit,Mindfulness,Mindfulness signal 2: listeners embrace meditation playlists for stress relief. This sample item represents how mindfulness is discussed online.,128,demo://reddit,demo://mindfulness,reddit-mindfulness-1,text,,,,,,,,mindfulness signal listeners embrace meditation playlists for stress relief this sample item represents how mindfulness is discussed online,0.0,0.39751552795031053,0.72,0.34,0.36900000000000005,0.24,0.443,0.41080000000000005,0.24,0.3,0.24,ambient,0.75,0.45483580602002044
2026-04-20,Reddit,Mindfulness,Mindfulness signal 3: community members share helpful wellness habits. This sample item represents how mindfulness is discussed online.,132,demo://reddit,demo://mindfulness,reddit-mindfulness-2,text,,,,,,,,mindfulness signal community members share helpful wellness habits this sample item represents how mindfulness is discussed online,0.0,0.40993788819875776,0.72,0.34,0.36900000000000005,0.24,0.443,0.41080000000000005,0.24,0.3,0.24,ambient,0.75,0.4553143960745688
2026-04-21,Reddit,Mindfulness,Mindfulness signal 4: calm discussion about mindfulness routines and focus. This sample item represents how mindfulness is discussed online.,117,demo://reddit,demo://mindfulness,reddit-mindfulness-3,text,,,,,,,,mindfulness signal calm discussion about mindfulness routines and focus this sample item represents how mindfulness is discussed online,0.30000000000000004,0.36335403726708076,0.75,0.34,0.36900000000000005,0.24,0.45349999999999996,0.41080000000000005,0.24,0.3,0.24,ambient,0.75,0.47447953534633913
2026-03-03,Reddit,Mindfulness,Mindfulness signal 5: listeners embrace meditation playlists for stress relief. This sample item represents how mindfulness is discussed online.,143,demo://reddit,demo://mindfulness,reddit-mindfulness-4,text,,,,,,,,mindfulness signal listeners embrace meditation playlists for stress relief this sample item represents how mindfulness is discussed online,0.0,0.4440993788819876,0.72,0.34,0.36900000000000005,0.24,0.443,0.41080000000000005,0.24,0.3,0.24,ambient,0.75,0.461158939266484
2026-03-02,Reddit,Mindfulness,Mindfulness signal 6: community members share helpful wellness habits. This sample item represents how mindfulness is discussed online.,169,demo://reddit,demo://mindfulness,reddit-mindfulness-5,text,,,,,,,,mindfulness signal community members share helpful wellness habits this sample item represents how mindfulness is discussed online,0.0,0.5248447204968945,0.72,0.34,0.36900000000000005,0.24,0.443,0.41080000000000005,0.24,0.3,0.24,ambient,0.75,0.48095330647878787
2026-03-11,Reddit,Mindfulness,Mindfulness signal 7: calm discussion about mindfulness routines and focus. This sample item represents how mindfulness is discussed online.,138,demo://reddit,demo://mindfulness,reddit-mindfulness-6,text,,,,,,,,mindfulness signal calm discussion about mindfulness routines and focus this sample item represents how mindfulness is discussed online,0.30000000000000004,0.42857142857142855,0.75,0.34,0.36900000000000005,0.24,0.45349999999999996,0.41080000000000005,0.24,0.3,0.24,ambient,0.75,0.4996141689073994
2026-03-08,Reddit,Mindfulness,Mindfulness signal 8: listeners embrace meditation playlists for stress relief. This sample item represents how mindfulness is discussed online.,145,demo://reddit,demo://mindfulness,reddit-mindfulness-7,text,,,,,,,,mindfulness signal listeners embrace meditation playlists for stress relief this sample item represents how mindfulness is discussed online,0.0,0.4503105590062112,0.72,0.34,0.36900000000000005,0.24,0.443,0.41080000000000005,0.24,0.3,0.24,ambient,0.75,0.4626815828981995
2026-04-02,X,Mindfulness,Mindfulness signal 1: calm discussion about mindfulness routines and focus. This sample item represents how mindfulness is discussed online.,138,demo://x,demo://mindfulness,x-mindfulness-0,text+image,,,,,,,,mindfulness signal calm discussion about mindfulness routines and focus this sample item represents how mindfulness is discussed online,0.30000000000000004,0.47750865051903113,0.75,0.34,0.36900000000000005,0.24,0.45349999999999996,0.41080000000000005,0.24,0.3,0.24,ambient,0.75,0.5555405443312071
2026-04-12,X,Mindfulness,Mindfulness signal 2: listeners embrace meditation playlists for stress relief. This sample item represents how mindfulness is discussed online.,128,demo://x,demo://mindfulness,x-mindfulness-1,text+image,,,,,,,,mindfulness signal listeners embrace meditation playlists for stress relief this sample item represents how mindfulness is discussed online,0.0,0.4429065743944637,0.72,0.34,0.36900000000000005,0.24,0.443,0.41080000000000005,0.24,0.3,0.24,ambient,0.75,0.5474695298842753
2026-04-06,X,Mindfulness,Mindfulness signal 3: community members share helpful wellness habits. This sample item represents how mindfulness is discussed online.,142,demo://x,demo://mindfulness,x-mindfulness-2,text+image,,,,,,,,mindfulness signal community members share helpful wellness habits this sample item represents how mindfulness is discussed online,0.0,0.4913494809688581,0.72,0.34,0.36900000000000005,0.24,0.443,0.41080000000000005,0.24,0.3,0.24,ambient,0.75,0.5903951218454465
2026-04-08,X,Mindfulness,Mindfulness signal 4: calm discussion about mindfulness routines and focus. This sample item represents how mindfulness is discussed online.,162,demo://x,demo://mindfulness,x-mindfulness-3,text+image,,,,,,,,mindfulness signal calm discussion about mindfulness routines and focus this sample item represents how mindfulness is discussed online,0.30000000000000004,0.5605536332179931,0.75,0.34,0.36900000000000005,0.24,0.45349999999999996,0.41080000000000005,0.24,0.3,0.24,ambient,0.75,0.571049359961266
2026-04-08,X,Mindfulness,Mindfulness signal 5: listeners embrace meditation playlists for stress relief. This sample item represents how mindfulness is discussed online.,113,demo://x,demo://mindfulness,x-mindfulness-4,text+image,,,,,,,,mindfulness signal listeners embrace meditation playlists for stress relief this sample item represents how mindfulness is discussed online,0.0,0.39100346020761245,0.72,0.34,0.36900000000000005,0.24,0.443,0.41080000000000005,0.24,0.3,0.24,ambient,0.75,0.5169734320580548
2026-04-15,X,Mindfulness,Mindfulness signal 6: community members share helpful wellness habits. This sample item represents how mindfulness is discussed online.,111,demo://x,demo://mindfulness,x-mindfulness-5,text+image,,,,,,,,mindfulness signal community members share helpful wellness habits this sample item represents how mindfulness is discussed online,0.0,0.38408304498269896,0.72,0.34,0.36900000000000005,0.24,0.443,0.41080000000000005,0.24,0.3,0.24,ambient,0.75,0.5154089570472853
2026-04-29,X,Mindfulness,Mindfulness signal 7: calm discussion about mindfulness routines and focus. This sample item represents how mindfulness is discussed online.,166,demo://x,demo://mindfulness,x-mindfulness-6,text+image,,,,,,,,mindfulness signal calm discussion about mindfulness routines and focus this sample item represents how mindfulness is discussed online,0.30000000000000004,0.5743944636678201,0.75,0.34,0.36900000000000005,0.24,0.45349999999999996,0.41080000000000005,0.24,0.3,0.24,ambient,0.75,0.5735123205690429
2026-04-23,X,Mindfulness,Mindfulness signal 8: listeners embrace meditation playlists for stress relief. This sample item represents how mindfulness is discussed online.,132,demo://x,demo://mindfulness,x-mindfulness-7,text+image,,,,,,,,mindfulness signal listeners embrace meditation playlists for stress relief this sample item represents how mindfulness is discussed online,0.0,0.45674740484429066,0.72,0.34,0.36900000000000005,0.24,0.443,0.41080000000000005,0.24,0.3,0.24,ambient,0.75,0.5597339847303244
2026-03-17,NewsAPI,Digital art,Digital art signal 1: vibrant digital art communities celebrate new creators. This sample item represents how digital art is discussed online.,8,demo://newsapi,demo://digital-art,newsapi-digital-art-0,text+image,,,,,,,,digital art signal vibrant digital art communities celebrate new creators this sample item represents how digital art is discussed online,0.060606060606060594,1.0,0.6360606060606061,0.82,0.7769999999999999,0.74,0.731621212121212,0.7726000000000001,0.61,0.72,0.61,electronic,0.75,0.8559193524644536
2026-04-20,NewsAPI,Digital art,Digital art signal 2: debate grows around creative coding and AI art authorship. This sample item represents how digital art is discussed online.,3,demo://newsapi,demo://digital-art,newsapi-digital-art-1,text+image,,,,,,,,digital art signal debate grows around creative coding and ai art authorship this sample item represents how digital art is discussed online,0.16666666666666666,0.375,0.6466666666666667,0.82,0.7769999999999999,0.74,0.7353333333333333,0.7726000000000001,0.61,0.72,0.61,electronic,0.75,0.45234397600288134
2026-04-14,NewsAPI,Digital art,Digital art signal 3: visual artists experiment with immersive digital canvases. This sample item represents how digital art is discussed online.,6,demo://newsapi,demo://digital-art,newsapi-digital-art-2,text+image,,,,,,,,digital art signal visual artists experiment with immersive digital canvases this sample item represents how digital art is discussed online,0.0,0.75,0.63,0.82,0.7769999999999999,0.74,0.7294999999999999,0.7726000000000001,0.61,0.72,0.61,electronic,0.75,0.6055619729444299
2026-04-12,NewsAPI,Digital art,Digital art signal 4: vibrant digital art communities celebrate new creators. This sample item represents how digital art is discussed online.,4,demo://newsapi,demo://digital-art,newsapi-digital-art-3,text+image,,,,,,,,digital art signal vibrant digital art communities celebrate new creators this sample item represents how digital art is discussed online,0.060606060606060594,0.5,0.6360606060606061,0.82,0.7769999999999999,0.74,0.731621212121212,0.7726000000000001,0.61,0.72,0.61,electronic,0.75,0.5077406246289758
2026-04-01,NewsAPI,Digital art,Digital art signal 5: debate grows around creative coding and AI art authorship. This sample item represents how digital art is discussed online.,5,demo://newsapi,demo://digital-art,newsapi-digital-art-4,text+image,,,,,,,,digital art signal debate grows around creative coding and ai art authorship this sample item represents how digital art is discussed online,0.16666666666666666,0.625,0.6466666666666667,0.82,0.7769999999999999,0.74,0.7353333333333333,0.7726000000000001,0.61,0.72,0.61,electronic,0.75,0.6370758090102816
2026-03-31,NewsAPI,Digital art,Digital art signal 6: visual artists experiment with immersive digital canvases. This sample item represents how digital art is discussed online.,5,demo://newsapi,demo://digital-art,newsapi-digital-art-5,text+image,,,,,,,,digital art signal visual artists experiment with immersive digital canvases this sample item represents how digital art is discussed online,0.0,0.625,0.63,0.82,0.7769999999999999,0.74,0.7294999999999999,0.7726000000000001,0.61,0.72,0.61,electronic,0.75,0.5888152091411857
2026-04-20,NewsAPI,Digital art,Digital art signal 7: vibrant digital art communities celebrate new creators. This sample item represents how digital art is discussed online.,5,demo://newsapi,demo://digital-art,newsapi-digital-art-6,text+image,,,,,,,,digital art signal vibrant digital art communities celebrate new creators this sample item represents how digital art is discussed online,0.060606060606060594,0.625,0.6360606060606061,0.82,0.7769999999999999,0.74,0.731621212121212,0.7726000000000001,0.61,0.72,0.61,electronic,0.75,0.629328495972454
2026-04-17,NewsAPI,Digital art,Digital art signal 8: debate grows around creative coding and AI art authorship. This sample item represents how digital art is discussed online.,6,demo://newsapi,demo://digital-art,newsapi-digital-art-7,text+image,,,,,,,,digital art signal debate grows around creative coding and ai art authorship this sample item represents how digital art is discussed online,0.16666666666666666,0.75,0.6466666666666667,0.82,0.7769999999999999,0.74,0.7353333333333333,0.7726000000000001,0.61,0.72,0.61,electronic,0.75,0.6982987584956942
2026-03-03,NewsAPI,Digital art,Digital art signal 9: visual artists experiment with immersive digital canvases. This sample item represents how digital art is discussed online.,5,demo://newsapi,demo://digital-art,newsapi-digital-art-8,text+image,,,,,,,,digital art signal visual artists experiment with immersive digital canvases this sample item represents how digital art is discussed online,0.0,0.625,0.63,0.82,0.7769999999999999,0.74,0.7294999999999999,0.7726000000000001,0.61,0.72,0.61,electronic,0.75,0.5888152091411857
2026-04-23,NewsAPI,Digital art,Digital art signal 10: vibrant digital art communities celebrate new creators. This sample item represents how digital art is discussed online.,3,demo://newsapi,demo://digital-art,newsapi-digital-art-9,text+image,,,,,,,,digital art signal vibrant digital art communities celebrate new creators this sample item represents how digital art is discussed online,0.060606060606060594,0.375,0.6360606060606061,0.82,0.7769999999999999,0.74,0.731621212121212,0.7726000000000001,0.61,0.72,0.61,electronic,0.75,0.43527033920375885
2026-03-16,NewsAPI,Digital art,Digital art signal 11: debate grows around creative coding and AI art authorship. This sample item represents how digital art is discussed online.,3,demo://newsapi,demo://digital-art,newsapi-digital-art-10,text+image,,,,,,,,digital art signal debate grows around creative coding and ai art authorship this sample item represents how digital art is discussed online,0.16666666666666666,0.375,0.6466666666666667,0.82,0.7769999999999999,0.74,0.7353333333333333,0.7726000000000001,0.61,0.72,0.61,electronic,0.75,0.45234397600288134
2026-03-27,NewsAPI,Digital art,Digital art signal 12: visual artists experiment with immersive digital canvases. This sample item represents how digital art is discussed online.,5,demo://newsapi,demo://digital-art,newsapi-digital-art-11,text+image,,,,,,,,digital art signal visual artists experiment with immersive digital canvases this sample item represents how digital art is discussed online,0.0,0.625,0.63,0.82,0.7769999999999999,0.74,0.7294999999999999,0.7726000000000001,0.61,0.72,0.61,electronic,0.75,0.5888152091411857
2026-04-29,Spotify,Digital art,Digital art signal 1: vibrant digital art communities celebrate new creators. This sample item represents how digital art is discussed online.,30,demo://spotify,demo://digital-art,spotify-digital-art-0,text+audio+image,0.57,0.63,0.42,118.0,0.21,0.28,0.09,digital art signal vibrant digital art communities celebrate new creators this sample item represents how digital art is discussed online,0.060606060606060594,0.3125,0.6360606060606061,0.82,0.7769999999999999,0.74,0.731621212121212,0.7726000000000001,0.5436666666666667,0.451,0.48333333333333334,electronic,0.6,0.4103249950215246
2026-03-19,Spotify,Digital art,Digital art signal 2: debate grows around creative coding and AI art authorship. This sample item represents how digital art is discussed online.,38,demo://spotify,demo://digital-art,spotify-digital-art-1,text+audio+image,0.57,0.63,0.42,118.0,0.21,0.28,0.09,digital art signal debate grows around creative coding and ai art authorship this sample item represents how digital art is discussed online,0.16666666666666666,0.3958333333333333,0.6466666666666667,0.82,0.7769999999999999,0.74,0.7353333333333333,0.7726000000000001,0.5436666666666667,0.451,0.48333333333333334,electronic,0.6,0.4945870255643072
2026-04-04,Spotify,Digital art,Digital art signal 3: visual artists experiment with immersive digital canvases. This sample item represents how digital art is discussed online.,41,demo://spotify,demo://digital-art,spotify-digital-art-2,text+audio+image,0.57,0.63,0.42,118.0,0.21,0.28,0.09,digital art signal visual artists experiment with immersive digital canvases this sample item represents how digital art is discussed online,0.0,0.4270833333333333,0.63,0.82,0.7769999999999999,0.74,0.7294999999999999,0.7726000000000001,0.5436666666666667,0.451,0.48333333333333334,electronic,0.6,0.5614989633351004
2026-04-23,Spotify,Digital art,Digital art signal 4: vibrant digital art communities celebrate new creators. This sample item represents how digital art is discussed online.,35,demo://spotify,demo://digital-art,spotify-digital-art-3,text+audio+image,0.57,0.63,0.42,118.0,0.21,0.28,0.09,digital art signal vibrant digital art communities celebrate new creators this sample item represents how digital art is discussed online,0.060606060606060594,0.3645833333333333,0.6360606060606061,0.82,0.7769999999999999,0.74,0.731621212121212,0.7726000000000001,0.5436666666666667,0.451,0.48333333333333334,electronic,0.6,0.47496903597037066
2026-03-03,Spotify,Digital art,Digital art signal 5: debate grows around creative coding and AI art authorship. This sample item represents how digital art is discussed online.,44,demo://spotify,demo://digital-art,spotify-digital-art-4,text+audio+image,0.57,0.63,0.42,118.0,0.21,0.28,0.09,digital art signal debate grows around creative coding and ai art authorship this sample item represents how digital art is discussed online,0.16666666666666666,0.4583333333333333,0.6466666666666667,0.82,0.7769999999999999,0.74,0.7353333333333333,0.7726000000000001,0.5436666666666667,0.451,0.48333333333333334,electronic,0.6,0.5813212889818143
2026-04-12,Spotify,Digital art,Digital art signal 6: visual artists experiment with immersive digital canvases. This sample item represents how digital art is discussed online.,41,demo://spotify,demo://digital-art,spotify-digital-art-5,text+audio+image,0.57,0.63,0.42,118.0,0.21,0.28,0.09,digital art signal visual artists experiment with immersive digital canvases this sample item represents how digital art is discussed online,0.0,0.4270833333333333,0.63,0.82,0.7769999999999999,0.74,0.7294999999999999,0.7726000000000001,0.5436666666666667,0.451,0.48333333333333334,electronic,0.6,0.5614989633351004
2026-04-12,Spotify,Digital art,Digital art signal 7: vibrant digital art communities celebrate new creators. This sample item represents how digital art is discussed online.,37,demo://spotify,demo://digital-art,spotify-digital-art-6,text+audio+image,0.57,0.63,0.42,118.0,0.21,0.28,0.09,digital art signal vibrant digital art communities celebrate new creators this sample item represents how digital art is discussed online,0.060606060606060594,0.3854166666666667,0.6360606060606061,0.82,0.7769999999999999,0.74,0.731621212121212,0.7726000000000001,0.5436666666666667,0.451,0.48333333333333334,electronic,0.6,0.5025133289935737
2026-03-04,Spotify,Digital art,Digital art signal 8: debate grows around creative coding and AI art authorship. This sample item represents how digital art is discussed online.,34,demo://spotify,demo://digital-art,spotify-digital-art-7,text+audio+image,0.57,0.63,0.42,118.0,0.21,0.28,0.09,digital art signal debate grows around creative coding and ai art authorship this sample item represents how digital art is discussed online,0.16666666666666666,0.3541666666666667,0.6466666666666667,0.82,0.7769999999999999,0.74,0.7353333333333333,0.7726000000000001,0.5436666666666667,0.451,0.48333333333333334,electronic,0.6,0.4456425800956519
2026-04-01,Spotify,Digital art,Digital art signal 9: visual artists experiment with immersive digital canvases. This sample item represents how digital art is discussed online.,39,demo://spotify,demo://digital-art,spotify-digital-art-8,text+audio+image,0.57,0.63,0.42,118.0,0.21,0.28,0.09,digital art signal visual artists experiment with immersive digital canvases this sample item represents how digital art is discussed online,0.0,0.40625,0.63,0.82,0.7769999999999999,0.74,0.7294999999999999,0.7726000000000001,0.5436666666666667,0.451,0.48333333333333334,electronic,0.6,0.5422801010459212
2026-04-29,Spotify,Digital art,Digital art signal 10: vibrant digital art communities celebrate new creators. This sample item represents how digital art is discussed online.,39,demo://spotify,demo://digital-art,spotify-digital-art-9,text+audio+image,0.57,0.63,0.42,118.0,0.21,0.28,0.09,digital art signal vibrant digital art communities celebrate new creators this sample item represents how digital art is discussed online,0.060606060606060594,0.40625,0.6360606060606061,0.82,0.7769999999999999,0.74,0.731621212121212,0.7726000000000001,0.5436666666666667,0.451,0.48333333333333334,electronic,0.6,0.5300576220167766
2026-03-11,Spotify,Digital art,Digital art signal 11: debate grows around creative coding and AI art authorship. This sample item represents how digital art is discussed online.,38,demo://spotify,demo://digital-art,spotify-digital-art-10,text+audio+image,0.57,0.63,0.42,118.0,0.21,0.28,0.09,digital art signal debate grows around creative coding and ai art authorship this sample item represents how digital art is discussed online,0.16666666666666666,0.3958333333333333,0.6466666666666667,0.82,0.7769999999999999,0.74,0.7353333333333333,0.7726000000000001,0.5436666666666667,0.451,0.48333333333333334,electronic,0.6,0.4945870255643072
2026-04-24,Spotify,Digital art,Digital art signal 12: visual artists experiment with immersive digital canvases. This sample item represents how digital art is discussed online.,39,demo://spotify,demo://digital-art,spotify-digital-art-11,text+audio+image,0.57,0.63,0.42,118.0,0.21,0.28,0.09,digital art signal visual artists experiment with immersive digital canvases this sample item represents how digital art is discussed online,0.0,0.40625,0.63,0.82,0.7769999999999999,0.74,0.7294999999999999,0.7726000000000001,0.5436666666666667,0.451,0.48333333333333334,electronic,0.6,0.5422801010459212
2026-04-30,Reddit,Digital art,Digital art signal 1: vibrant digital art communities celebrate new creators. This sample item represents how digital art is discussed online.,322,demo://reddit,demo://digital-art,reddit-digital-art-0,text,,,,,,,,digital art signal vibrant digital art communities celebrate new creators this sample item represents how digital art is discussed online,0.060606060606060594,1.0,0.6360606060606061,0.82,0.7769999999999999,0.74,0.731621212121212,0.7726000000000001,0.61,0.72,0.61,electronic,0.75,0.9028407876738722
2026-03-04,Reddit,Digital art,Digital art signal 2: debate grows around creative coding and AI art authorship. This sample item represents how digital art is discussed online.,232,demo://reddit,demo://digital-art,reddit-digital-art-1,text,,,,,,,,digital art signal debate grows around creative coding and ai art authorship this sample item represents how digital art is discussed online,0.16666666666666666,0.7204968944099379,0.6466666666666667,0.82,0.7769999999999999,0.74,0.7353333333333333,0.7726000000000001,0.61,0.72,0.61,electronic,0.75,0.6748110508809333
2026-03-17,Reddit,Digital art,Digital art signal 3: visual artists experiment with immersive digital canvases. This sample item represents how digital art is discussed online.,212,demo://reddit,demo://digital-art,reddit-digital-art-2,text,,,,,,,,digital art signal visual artists experiment with immersive digital canvases this sample item represents how digital art is discussed online,0.0,0.6583850931677019,0.63,0.82,0.7769999999999999,0.74,0.7294999999999999,0.7726000000000001,0.61,0.72,0.61,electronic,0.75,0.5583686545550413
2026-03-13,Reddit,Digital art,Digital art signal 4: vibrant digital art communities celebrate new creators. This sample item represents how digital art is discussed online.,241,demo://reddit,demo://digital-art,reddit-digital-art-3,text,,,,,,,,digital art signal vibrant digital art communities celebrate new creators this sample item represents how digital art is discussed online,0.060606060606060594,0.7484472049689441,0.6360606060606061,0.82,0.7769999999999999,0.74,0.731621212121212,0.7726000000000001,0.61,0.72,0.61,electronic,0.75,0.6595071487851297
2026-03-11,Reddit,Digital art,Digital art signal 5: debate grows around creative coding and AI art authorship. This sample item represents how digital art is discussed online.,300,demo://reddit,demo://digital-art,reddit-digital-art-4,text,,,,,,,,digital art signal debate grows around creative coding and ai art authorship this sample item represents how digital art is discussed online,0.16666666666666666,0.9316770186335404,0.6466666666666667,0.82,0.7769999999999999,0.74,0.7353333333333333,0.7726000000000001,0.61,0.72,0.61,electronic,0.75,0.8591403593144505
2026-04-29,Reddit,Digital art,Digital art signal 6: visual artists experiment with immersive digital canvases. This sample item represents how digital art is discussed online.,236,demo://reddit,demo://digital-art,reddit-digital-art-5,text,,,,,,,,digital art signal visual artists experiment with immersive digital canvases this sample item represents how digital art is discussed online,0.0,0.7329192546583851,0.63,0.82,0.7769999999999999,0.74,0.7294999999999999,0.7726000000000001,0.61,0.72,0.61,electronic,0.75,0.6151100194099142
2026-04-15,Reddit,Digital art,Digital art signal 7: vibrant digital art communities celebrate new creators. This sample item represents how digital art is discussed online.,189,demo://reddit,demo://digital-art,reddit-digital-art-6,text,,,,,,,,digital art signal vibrant digital art communities celebrate new creators this sample item represents how digital art is discussed online,0.060606060606060594,0.5869565217391305,0.6360606060606061,0.82,0.7769999999999999,0.74,0.731621212121212,0.7726000000000001,0.61,0.72,0.61,electronic,0.75,0.5331949492818846
2026-03-14,Reddit,Digital art,Digital art signal 8: debate grows around creative coding and AI art authorship. This sample item represents how digital art is discussed online.,255,demo://reddit,demo://digital-art,reddit-digital-art-7,text,,,,,,,,digital art signal debate grows around creative coding and ai art authorship this sample item represents how digital art is discussed online,0.16666666666666666,0.7919254658385093,0.6466666666666667,0.82,0.7769999999999999,0.74,0.7353333333333333,0.7726000000000001,0.61,0.72,0.61,electronic,0.75,0.7447921000341812
2026-03-16,Reddit,Digital art,Digital art signal 9: visual artists experiment with immersive digital canvases. This sample item represents how digital art is discussed online.,243,demo://reddit,demo://digital-art,reddit-digital-art-8,text,,,,,,,,digital art signal visual artists experiment with immersive digital canvases this sample item represents how digital art is discussed online,0.0,0.7546583850931677,0.63,0.82,0.7769999999999999,0.74,0.7294999999999999,0.7726000000000001,0.61,0.72,0.61,electronic,0.75,0.6316595841592523
2026-03-25,Reddit,Digital art,Digital art signal 10: vibrant digital art communities celebrate new creators. This sample item represents how digital art is discussed online.,231,demo://reddit,demo://digital-art,reddit-digital-art-9,text,,,,,,,,digital art signal vibrant digital art communities celebrate new creators this sample item represents how digital art is discussed online,0.060606060606060594,0.717391304347826,0.6360606060606061,0.82,0.7769999999999999,0.74,0.731621212121212,0.7726000000000001,0.61,0.72,0.61,electronic,0.75,0.6259467987025482
2026-04-24,Reddit,Digital art,Digital art signal 11: debate grows around creative coding and AI art authorship. This sample item represents how digital art is discussed online.,202,demo://reddit,demo://digital-art,reddit-digital-art-10,text,,,,,,,,digital art signal debate grows around creative coding and ai art authorship this sample item represents how digital art is discussed online,0.16666666666666666,0.6273291925465838,0.6466666666666667,0.82,0.7769999999999999,0.74,0.7353333333333333,0.7726000000000001,0.61,0.72,0.61,electronic,0.75,0.5970356358683575
2026-03-22,Reddit,Digital art,Digital art signal 12: visual artists experiment with immersive digital canvases. This sample item represents how digital art is discussed online.,212,demo://reddit,demo://digital-art,reddit-digital-art-11,text,,,,,,,,digital art signal visual artists experiment with immersive digital canvases this sample item represents how digital art is discussed online,0.0,0.6583850931677019,0.63,0.82,0.7769999999999999,0.74,0.7294999999999999,0.7726000000000001,0.61,0.72,0.61,electronic,0.75,0.5583686545550413
2026-03-30,X,Digital art,Digital art signal 1: vibrant digital art communities celebrate new creators. This sample item represents how digital art is discussed online.,175,demo://x,demo://digital-art,x-digital-art-0,text+image,,,,,,,,digital art signal vibrant digital art communities celebrate new creators this sample item represents how digital art is discussed online,0.060606060606060594,0.6055363321799307,0.6360606060606061,0.82,0.7769999999999999,0.74,0.731621212121212,0.7726000000000001,0.61,0.72,0.61,electronic,0.75,0.6152192693474303
2026-04-16,X,Digital art,Digital art signal 2: debate grows around creative coding and AI art authorship. This sample item represents how digital art is discussed online.,181,demo://x,demo://digital-art,x-digital-art-1,text+image,,,,,,,,digital art signal debate grows around creative coding and ai art authorship this sample item represents how digital art is discussed online,0.16666666666666666,0.6262975778546713,0.6466666666666667,0.82,0.7769999999999999,0.74,0.7353333333333333,0.7726000000000001,0.61,0.72,0.61,electronic,0.75,0.6971597350072043
2026-03-11,X,Digital art,Digital art signal 3: visual artists experiment with immersive digital canvases. This sample item represents how digital art is discussed online.,289,demo://x,demo://digital-art,x-digital-art-2,text+image,,,,,,,,digital art signal visual artists experiment with immersive digital canvases this sample item represents how digital art is discussed online,0.0,1.0,0.63,0.82,0.7769999999999999,0.74,0.7294999999999999,0.7726000000000001,0.61,0.72,0.61,electronic,0.75,0.7579576404698785
2026-03-13,X,Digital art,Digital art signal 4: vibrant digital art communities celebrate new creators. This sample item represents how digital art is discussed online.,179,demo://x,demo://digital-art,x-digital-art-3,text+image,,,,,,,,digital art signal vibrant digital art communities celebrate new creators this sample item represents how digital art is discussed online,0.060606060606060594,0.6193771626297578,0.6360606060606061,0.82,0.7769999999999999,0.74,0.731621212121212,0.7726000000000001,0.61,0.72,0.61,electronic,0.75,0.6153087767306769
2026-04-02,X,Digital art,Digital art signal 5: debate grows around creative coding and AI art authorship. This sample item represents how digital art is discussed online.,219,demo://x,demo://digital-art,x-digital-art-4,text+image,,,,,,,,digital art signal debate grows around creative coding and ai art authorship this sample item represents how digital art is discussed online,0.16666666666666666,0.7577854671280276,0.6466666666666667,0.82,0.7769999999999999,0.74,0.7353333333333333,0.7726000000000001,0.61,0.72,0.61,electronic,0.75,0.7561816354305497
2026-03-26,X,Digital art,Digital art signal 6: visual artists experiment with immersive digital canvases. This sample item represents how digital art is discussed online.,257,demo://x,demo://digital-art,x-digital-art-5,text+image,,,,,,,,digital art signal visual artists experiment with immersive digital canvases this sample item represents how digital art is discussed online,0.0,0.889273356401384,0.63,0.82,0.7769999999999999,0.74,0.7294999999999999,0.7726000000000001,0.61,0.72,0.61,electronic,0.75,0.6484977807991293
2026-04-11,X,Digital art,Digital art signal 7: vibrant digital art communities celebrate new creators. This sample item represents how digital art is discussed online.,204,demo://x,demo://digital-art,x-digital-art-6,text+image,,,,,,,,digital art signal vibrant digital art communities celebrate new creators this sample item represents how digital art is discussed online,0.060606060606060594,0.7058823529411765,0.6360606060606061,0.82,0.7769999999999999,0.74,0.731621212121212,0.7726000000000001,0.61,0.72,0.61,electronic,0.75,0.6196906046878448
2026-04-12,X,Digital art,Digital art signal 8: debate grows around creative coding and AI art authorship. This sample item represents how digital art is discussed online.,231,demo://x,demo://digital-art,x-digital-art-7,text+image,,,,,,,,digital art signal debate grows around creative coding and ai art authorship this sample item represents how digital art is discussed online,0.16666666666666666,0.7993079584775087,0.6466666666666667,0.82,0.7769999999999999,0.74,0.7353333333333333,0.7726000000000001,0.61,0.72,0.61,electronic,0.75,0.7673233656419205
2026-03-26,X,Digital art,Digital art signal 9: visual artists experiment with immersive digital canvases. This sample item represents how digital art is discussed online.,200,demo://x,demo://digital-art,x-digital-art-8,text+image,,,,,,,,digital art signal visual artists experiment with immersive digital canvases this sample item represents how digital art is discussed online,0.0,0.6920415224913494,0.63,0.82,0.7769999999999999,0.74,0.7294999999999999,0.7726000000000001,0.61,0.72,0.61,electronic,0.75,0.5466026745941491
2026-04-21,X,Digital art,Digital art signal 10: vibrant digital art communities celebrate new creators. This sample item represents how digital art is discussed online.,207,demo://x,demo://digital-art,x-digital-art-9,text+image,,,,,,,,digital art signal vibrant digital art communities celebrate new creators this sample item represents how digital art is discussed online,0.060606060606060594,0.7162629757785467,0.6360606060606061,0.82,0.7769999999999999,0.74,0.731621212121212,0.7726000000000001,0.61,0.72,0.61,electronic,0.75,0.623295792623354
2026-04-03,X,Digital art,Digital art signal 11: debate grows around creative coding and AI art authorship. This sample item represents how digital art is discussed online.,204,demo://x,demo://digital-art,x-digital-art-10,text+image,,,,,,,,digital art signal debate grows around creative coding and ai art authorship this sample item represents how digital art is discussed online,0.16666666666666666,0.7058823529411765,0.6466666666666667,0.82,0.7769999999999999,0.74,0.7353333333333333,0.7726000000000001,0.61,0.72,0.61,electronic,0.75,0.7308644044006872
2026-04-24,X,Digital art,Digital art signal 12: visual artists experiment with immersive digital canvases. This sample item represents how digital art is discussed online.,203,demo://x,demo://digital-art,x-digital-art-11,text+image,,,,,,,,digital art signal visual artists experiment with immersive digital canvases this sample item represents how digital art is discussed online,0.0,0.7024221453287197,0.63,0.82,0.7769999999999999,0.74,0.7294999999999999,0.7726000000000001,0.61,0.72,0.61,electronic,0.75,0.5491021883475151
