date,source,topic,text,engagement,detail,media_url,source_item_id,modality_hint,audio_danceability,audio_energy,audio_valence,audio_tempo,audio_acousticness,audio_instrumentalness,audio_speechiness,clean_text,sentiment,engagement_norm
2026-04-25,NewsAPI,AI music,AI music signal 1: exciting breakthrough in AI music tools. This sample item represents how ai music is discussed online.,3,demo://newsapi,demo://ai-music,newsapi-ai-music-0,text+image,,,,,,,,ai music signal exciting breakthrough in ai music tools this sample item represents how ai music is discussed online,0.3,0.375
2026-03-15,NewsAPI,AI music,AI music signal 2: artists debate the future of generative sound design. This sample item represents how ai music is discussed online.,6,demo://newsapi,demo://ai-music,newsapi-ai-music-1,text+image,,,,,,,,ai music signal artists debate the future of generative sound design this sample item represents how ai music is discussed online,0.2,0.75
2026-04-25,NewsAPI,AI music,AI music signal 3: new release blends human vocals with machine composition. This sample item represents how ai music is discussed online.,1,demo://newsapi,demo://ai-music,newsapi-ai-music-2,text+image,,,,,,,,ai music signal new release blends human vocals with machine composition this sample item represents how ai music is discussed online,0.06818181818181818,0.125
2026-03-20,NewsAPI,AI music,AI music signal 4: exciting breakthrough in AI music tools. This sample item represents how ai music is discussed online.,2,demo://newsapi,demo://ai-music,newsapi-ai-music-3,text+image,,,,,,,,ai music signal exciting breakthrough in ai music tools this sample item represents how ai music is discussed online,0.3,0.25
2026-03-17,NewsAPI,AI music,AI music signal 5: artists debate the future of generative sound design. This sample item represents how ai music is discussed online.,5,demo://newsapi,demo://ai-music,newsapi-ai-music-4,text+image,,,,,,,,ai music signal artists debate the future of generative sound design this sample item represents how ai music is discussed online,0.2,0.625
2026-03-16,NewsAPI,AI music,AI music signal 6: new release blends human vocals with machine composition. This sample item represents how ai music is discussed online.,5,demo://newsapi,demo://ai-music,newsapi-ai-music-5,text+image,,,,,,,,ai music signal new release blends human vocals with machine composition this sample item represents how ai music is discussed online,0.06818181818181818,0.625
2026-03-11,NewsAPI,AI music,AI music signal 7: exciting breakthrough in AI music tools. This sample item represents how ai music is discussed online.,7,demo://newsapi,demo://ai-music,newsapi-ai-music-6,text+image,,,,,,,,ai music signal exciting breakthrough in ai music tools this sample item represents how ai music is discussed online,0.3,0.875
2026-04-03,NewsAPI,AI music,AI music signal 8: artists debate the future of generative sound design. This sample item represents how ai music is discussed online.,7,demo://newsapi,demo://ai-music,newsapi-ai-music-7,text+image,,,,,,,,ai music signal artists debate the future of generative sound design this sample item represents how ai music is discussed online,0.2,0.875
2026-03-15,NewsAPI,AI music,AI music signal 9: new release blends human vocals with machine composition. This sample item represents how ai music is discussed online.,7,demo://newsapi,demo://ai-music,newsapi-ai-music-8,text+image,,,,,,,,ai music signal new release blends human vocals with machine composition this sample item represents how ai music is discussed online,0.06818181818181818,0.875
2026-03-23,NewsAPI,AI music,AI music signal 10: exciting breakthrough in AI music tools. This sample item represents how ai music is discussed online.,6,demo://newsapi,demo://ai-music,newsapi-ai-music-9,text+image,,,,,,,,ai music signal exciting breakthrough in ai music tools this sample item represents how ai music is discussed online,0.3,0.75
2026-04-03,NewsAPI,AI music,AI music signal 11: artists debate the future of generative sound design. This sample item represents how ai music is discussed online.,5,demo://newsapi,demo://ai-music,newsapi-ai-music-10,text+image,,,,,,,,ai music signal artists debate the future of generative sound design this sample item represents how ai music is discussed online,0.2,0.625
2026-04-17,NewsAPI,AI music,AI music signal 12: new release blends human vocals with machine composition. This sample item represents how ai music is discussed online.,3,demo://newsapi,demo://ai-music,newsapi-ai-music-11,text+image,,,,,,,,ai music signal new release blends human vocals with machine composition this sample item represents how ai music is discussed online,0.06818181818181818,0.375
2026-03-10,NewsAPI,AI music,AI music signal 13: exciting breakthrough in AI music tools. This sample item represents how ai music is discussed online.,5,demo://newsapi,demo://ai-music,newsapi-ai-music-12,text+image,,,,,,,,ai music signal exciting breakthrough in ai music tools this sample item represents how ai music is discussed online,0.3,0.625
2026-03-12,NewsAPI,AI music,AI music signal 14: artists debate the future of generative sound design. This sample item represents how ai music is discussed online.,5,demo://newsapi,demo://ai-music,newsapi-ai-music-13,text+image,,,,,,,,ai music signal artists debate the future of generative sound design this sample item represents how ai music is discussed online,0.2,0.625
2026-03-19,Spotify,AI music,AI music signal 1: exciting breakthrough in AI music tools. This sample item represents how ai music is discussed online.,96,demo://spotify,demo://ai-music,spotify-ai-music-0,text+audio+image,0.61,0.76,0.48,124.0,0.18,0.31,0.1,ai music signal exciting breakthrough in ai music tools this sample item represents how ai music is discussed online,0.3,1.0
2026-04-09,Spotify,AI music,AI music signal 2: artists debate the future of generative sound design. This sample item represents how ai music is discussed online.,81,demo://spotify,demo://ai-music,spotify-ai-music-1,text+audio+image,0.61,0.76,0.48,124.0,0.18,0.31,0.1,ai music signal artists debate the future of generative sound design this sample item represents how ai music is discussed online,0.2,0.84375
2026-03-21,Spotify,AI music,AI music signal 3: new release blends human vocals with machine composition. This sample item represents how ai music is discussed online.,78,demo://spotify,demo://ai-music,spotify-ai-music-2,text+audio+image,0.61,0.76,0.48,124.0,0.18,0.31,0.1,ai music signal new release blends human vocals with machine composition this sample item represents how ai music is discussed online,0.06818181818181818,0.8125
2026-03-15,Spotify,AI music,AI music signal 4: exciting breakthrough in AI music tools. This sample item represents how ai music is discussed online.,88,demo://spotify,demo://ai-music,spotify-ai-music-3,text+audio+image,0.61,0.76,0.48,124.0,0.18,0.31,0.1,ai music signal exciting breakthrough in ai music tools this sample item represents how ai music is discussed online,0.3,0.9166666666666666
2026-04-01,Spotify,AI music,AI music signal 5: artists debate the future of generative sound design. This sample item represents how ai music is discussed online.,86,demo://spotify,demo://ai-music,spotify-ai-music-4,text+audio+image,0.61,0.76,0.48,124.0,0.18,0.31,0.1,ai music signal artists debate the future of generative sound design this sample item represents how ai music is discussed online,0.2,0.8958333333333334
2026-04-28,Spotify,AI music,AI music signal 6: new release blends human vocals with machine composition. This sample item represents how ai music is discussed online.,87,demo://spotify,demo://ai-music,spotify-ai-music-5,text+audio+image,0.61,0.76,0.48,124.0,0.18,0.31,0.1,ai music signal new release blends human vocals with machine composition this sample item represents how ai music is discussed online,0.06818181818181818,0.90625
2026-03-06,Spotify,AI music,AI music signal 7: exciting breakthrough in AI music tools. This sample item represents how ai music is discussed online.,78,demo://spotify,demo://ai-music,spotify-ai-music-6,text+audio+image,0.61,0.76,0.48,124.0,0.18,0.31,0.1,ai music signal exciting breakthrough in ai music tools this sample item represents how ai music is discussed online,0.3,0.8125
2026-03-17,Spotify,AI music,AI music signal 8: artists debate the future of generative sound design. This sample item represents how ai music is discussed online.,76,demo://spotify,demo://ai-music,spotify-ai-music-7,text+audio+image,0.61,0.76,0.48,124.0,0.18,0.31,0.1,ai music signal artists debate the future of generative sound design this sample item represents how ai music is discussed online,0.2,0.7916666666666666
2026-03-07,Spotify,AI music,AI music signal 9: new release blends human vocals with machine composition. This sample item represents how ai music is discussed online.,89,demo://spotify,demo://ai-music,spotify-ai-music-8,text+audio+image,0.61,0.76,0.48,124.0,0.18,0.31,0.1,ai music signal new release blends human vocals with machine composition this sample item represents how ai music is discussed online,0.06818181818181818,0.9270833333333334
2026-04-08,Spotify,AI music,AI music signal 10: exciting breakthrough in AI music tools. This sample item represents how ai music is discussed online.,95,demo://spotify,demo://ai-music,spotify-ai-music-9,text+audio+image,0.61,0.76,0.48,124.0,0.18,0.31,0.1,ai music signal exciting breakthrough in ai music tools this sample item represents how ai music is discussed online,0.3,0.9895833333333334
2026-04-03,Spotify,AI music,AI music signal 11: artists debate the future of generative sound design. This sample item represents how ai music is discussed online.,73,demo://spotify,demo://ai-music,spotify-ai-music-10,text+audio+image,0.61,0.76,0.48,124.0,0.18,0.31,0.1,ai music signal artists debate the future of generative sound design this sample item represents how ai music is discussed online,0.2,0.7604166666666666
2026-04-23,Spotify,AI music,AI music signal 12: new release blends human vocals with machine composition. This sample item represents how ai music is discussed online.,73,demo://spotify,demo://ai-music,spotify-ai-music-11,text+audio+image,0.61,0.76,0.48,124.0,0.18,0.31,0.1,ai music signal new release blends human vocals with machine composition this sample item represents how ai music is discussed online,0.06818181818181818,0.7604166666666666
2026-03-28,Spotify,AI music,AI music signal 13: exciting breakthrough in AI music tools. This sample item represents how ai music is discussed online.,90,demo://spotify,demo://ai-music,spotify-ai-music-12,text+audio+image,0.61,0.76,0.48,124.0,0.18,0.31,0.1,ai music signal exciting breakthrough in ai music tools this sample item represents how ai music is discussed online,0.3,0.9375
2026-03-21,Spotify,AI music,AI music signal 14: artists debate the future of generative sound design. This sample item represents how ai music is discussed online.,88,demo://spotify,demo://ai-music,spotify-ai-music-13,text+audio+image,0.61,0.76,0.48,124.0,0.18,0.31,0.1,ai music signal artists debate the future of generative sound design this sample item represents how ai music is discussed online,0.2,0.9166666666666666
2026-03-15,Reddit,AI music,AI music signal 1: exciting breakthrough in AI music tools. This sample item represents how ai music is discussed online.,226,demo://reddit,demo://ai-music,reddit-ai-music-0,text,,,,,,,,ai music signal exciting breakthrough in ai music tools this sample item represents how ai music is discussed online,0.3,0.7018633540372671
2026-03-12,Reddit,AI music,AI music signal 2: artists debate the future of generative sound design. This sample item represents how ai music is discussed online.,223,demo://reddit,demo://ai-music,reddit-ai-music-1,text,,,,,,,,ai music signal artists debate the future of generative sound design this sample item represents how ai music is discussed online,0.2,0.6925465838509317
2026-03-08,Reddit,AI music,AI music signal 3: new release blends human vocals with machine composition. This sample item represents how ai music is discussed online.,244,demo://reddit,demo://ai-music,reddit-ai-music-2,text,,,,,,,,ai music signal new release blends human vocals with machine composition this sample item represents how ai music is discussed online,0.06818181818181818,0.7577639751552795
2026-04-13,Reddit,AI music,AI music signal 4: exciting breakthrough in AI music tools. This sample item represents how ai music is discussed online.,226,demo://reddit,demo://ai-music,reddit-ai-music-3,text,,,,,,,,ai music signal exciting breakthrough in ai music tools this sample item represents how ai music is discussed online,0.3,0.7018633540372671
2026-03-12,Reddit,AI music,AI music signal 5: artists debate the future of generative sound design. This sample item represents how ai music is discussed online.,221,demo://reddit,demo://ai-music,reddit-ai-music-4,text,,,,,,,,ai music signal artists debate the future of generative sound design this sample item represents how ai music is discussed online,0.2,0.6863354037267081
2026-04-19,Reddit,AI music,AI music signal 6: new release blends human vocals with machine composition. This sample item represents how ai music is discussed online.,228,demo://reddit,demo://ai-music,reddit-ai-music-5,text,,,,,,,,ai music signal new release blends human vocals with machine composition this sample item represents how ai music is discussed online,0.06818181818181818,0.7080745341614907
2026-03-15,Reddit,AI music,AI music signal 7: exciting breakthrough in AI music tools. This sample item represents how ai music is discussed online.,179,demo://reddit,demo://ai-music,reddit-ai-music-6,text,,,,,,,,ai music signal exciting breakthrough in ai music tools this sample item represents how ai music is discussed online,0.3,0.5559006211180124
2026-03-22,Reddit,AI music,AI music signal 8: artists debate the future of generative sound design. This sample item represents how ai music is discussed online.,211,demo://reddit,demo://ai-music,reddit-ai-music-7,text,,,,,,,,ai music signal artists debate the future of generative sound design this sample item represents how ai music is discussed online,0.2,0.65527950310559
2026-03-28,Reddit,AI music,AI music signal 9: new release blends human vocals with machine composition. This sample item represents how ai music is discussed online.,202,demo://reddit,demo://ai-music,reddit-ai-music-8,text,,,,,,,,ai music signal new release blends human vocals with machine composition this sample item represents how ai music is discussed online,0.06818181818181818,0.6273291925465838
2026-04-03,Reddit,AI music,AI music signal 10: exciting breakthrough in AI music tools. This sample item represents how ai music is discussed online.,213,demo://reddit,demo://ai-music,reddit-ai-music-9,text,,,,,,,,ai music signal exciting breakthrough in ai music tools this sample item represents how ai music is discussed online,0.3,0.6614906832298136
2026-04-16,Reddit,AI music,AI music signal 11: artists debate the future of generative sound design. This sample item represents how ai music is discussed online.,196,demo://reddit,demo://ai-music,reddit-ai-music-10,text,,,,,,,,ai music signal artists debate the future of generative sound design this sample item represents how ai music is discussed online,0.2,0.6086956521739131
2026-04-24,Reddit,AI music,AI music signal 12: new release blends human vocals with machine composition. This sample item represents how ai music is discussed online.,247,demo://reddit,demo://ai-music,reddit-ai-music-11,text,,,,,,,,ai music signal new release blends human vocals with machine composition this sample item represents how ai music is discussed online,0.06818181818181818,0.7670807453416149
2026-03-10,Reddit,AI music,AI music signal 13: exciting breakthrough in AI music tools. This sample item represents how ai music is discussed online.,211,demo://reddit,demo://ai-music,reddit-ai-music-12,text,,,,,,,,ai music signal exciting breakthrough in ai music tools this sample item represents how ai music is discussed online,0.3,0.65527950310559
2026-03-28,Reddit,AI music,AI music signal 14: artists debate the future of generative sound design. This sample item represents how ai music is discussed online.,224,demo://reddit,demo://ai-music,reddit-ai-music-13,text,,,,,,,,ai music signal artists debate the future of generative sound design this sample item represents how ai music is discussed online,0.2,0.6956521739130435
2026-03-28,X,AI music,AI music signal 1: exciting breakthrough in AI music tools. This sample item represents how ai music is discussed online.,185,demo://x,demo://ai-music,x-ai-music-0,text+image,,,,,,,,ai music signal exciting breakthrough in ai music tools this sample item represents how ai music is discussed online,0.3,0.6401384083044983
2026-03-28,X,AI music,AI music signal 2: artists debate the future of generative sound design. This sample item represents how ai music is discussed online.,187,demo://x,demo://ai-music,x-ai-music-1,text+image,,,,,,,,ai music signal artists debate the future of generative sound design this sample item represents how ai music is discussed online,0.2,0.6470588235294118
2026-03-25,X,AI music,AI music signal 3: new release blends human vocals with machine composition. This sample item represents how ai music is discussed online.,160,demo://x,demo://ai-music,x-ai-music-2,text+image,,,,,,,,ai music signal new release blends human vocals with machine composition this sample item represents how ai music is discussed online,0.06818181818181818,0.5536332179930796
2026-04-29,X,AI music,AI music signal 4: exciting breakthrough in AI music tools. This sample item represents how ai music is discussed online.,189,demo://x,demo://ai-music,x-ai-music-3,text+image,,,,,,,,ai music signal exciting breakthrough in ai music tools this sample item represents how ai music is discussed online,0.3,0.6539792387543253
2026-04-14,X,AI music,AI music signal 5: artists debate the future of generative sound design. This sample item represents how ai music is discussed online.,142,demo://x,demo://ai-music,x-ai-music-4,text+image,,,,,,,,ai music signal artists debate the future of generative sound design this sample item represents how ai music is discussed online,0.2,0.4913494809688581
2026-04-06,X,AI music,AI music signal 6: new release blends human vocals with machine composition. This sample item represents how ai music is discussed online.,145,demo://x,demo://ai-music,x-ai-music-5,text+image,,,,,,,,ai music signal new release blends human vocals with machine composition this sample item represents how ai music is discussed online,0.06818181818181818,0.5017301038062284
2026-03-12,X,AI music,AI music signal 7: exciting breakthrough in AI music tools. This sample item represents how ai music is discussed online.,181,demo://x,demo://ai-music,x-ai-music-6,text+image,,,,,,,,ai music signal exciting breakthrough in ai music tools this sample item represents how ai music is discussed online,0.3,0.6262975778546713
2026-04-27,X,AI music,AI music signal 8: artists debate the future of generative sound design. This sample item represents how ai music is discussed online.,173,demo://x,demo://ai-music,x-ai-music-7,text+image,,,,,,,,ai music signal artists debate the future of generative sound design this sample item represents how ai music is discussed online,0.2,0.5986159169550173
2026-04-04,X,AI music,AI music signal 9: new release blends human vocals with machine composition. This sample item represents how ai music is discussed online.,161,demo://x,demo://ai-music,x-ai-music-8,text+image,,,,,,,,ai music signal new release blends human vocals with machine composition this sample item represents how ai music is discussed online,0.06818181818181818,0.5570934256055363
2026-03-22,X,AI music,AI music signal 10: exciting breakthrough in AI music tools. This sample item represents how ai music is discussed online.,173,demo://x,demo://ai-music,x-ai-music-9,text+image,,,,,,,,ai music signal exciting breakthrough in ai music tools this sample item represents how ai music is discussed online,0.3,0.5986159169550173
2026-03-02,X,AI music,AI music signal 11: artists debate the future of generative sound design. This sample item represents how ai music is discussed online.,164,demo://x,demo://ai-music,x-ai-music-10,text+image,,,,,,,,ai music signal artists debate the future of generative sound design this sample item represents how ai music is discussed online,0.2,0.5674740484429066
2026-03-22,X,AI music,AI music signal 12: new release blends human vocals with machine composition. This sample item represents how ai music is discussed online.,180,demo://x,demo://ai-music,x-ai-music-11,text+image,,,,,,,,ai music signal new release blends human vocals with machine composition this sample item represents how ai music is discussed online,0.06818181818181818,0.6228373702422145
2026-04-11,X,AI music,AI music signal 13: exciting breakthrough in AI music tools. This sample item represents how ai music is discussed online.,162,demo://x,demo://ai-music,x-ai-music-12,text+image,,,,,,,,ai music signal exciting breakthrough in ai music tools this sample item represents how ai music is discussed online,0.3,0.5605536332179931
2026-04-20,X,AI music,AI music signal 14: artists debate the future of generative sound design. This sample item represents how ai music is discussed online.,162,demo://x,demo://ai-music,x-ai-music-13,text+image,,,,,,,,ai music signal artists debate the future of generative sound design this sample item represents how ai music is discussed online,0.2,0.5605536332179931
2026-03-15,NewsAPI,Sustainable fashion,Sustainable fashion signal 1: thoughtful coverage of circular fashion and repair culture. This sample item represents how sustainable fashion is discussed online.,7,demo://newsapi,demo://sustainable-fashion,newsapi-sustainable-fashion-0,text+image,,,,,,,,sustainable fashion signal thoughtful coverage of circular fashion and repair culture this sample item represents how sustainable fashion is discussed online,0.4,0.875
2026-03-18,NewsAPI,Sustainable fashion,Sustainable fashion signal 2: consumers respond positively to eco friendly design. This sample item represents how sustainable fashion is discussed online.,5,demo://newsapi,demo://sustainable-fashion,newsapi-sustainable-fashion-1,text+image,,,,,,,,sustainable fashion signal consumers respond positively to eco friendly design this sample item represents how sustainable fashion is discussed online,0.30113636363636365,0.625
2026-03-07,NewsAPI,Sustainable fashion,Sustainable fashion signal 3: brands face pressure to prove sustainability claims. This sample item represents how sustainable fashion is discussed online.,7,demo://newsapi,demo://sustainable-fashion,newsapi-sustainable-fashion-2,text+image,,,,,,,,sustainable fashion signal brands face pressure to prove sustainability claims this sample item represents how sustainable fashion is discussed online,0.0,0.875
2026-03-31,NewsAPI,Sustainable fashion,Sustainable fashion signal 4: thoughtful coverage of circular fashion and repair culture. This sample item represents how sustainable fashion is discussed online.,7,demo://newsapi,demo://sustainable-fashion,newsapi-sustainable-fashion-3,text+image,,,,,,,,sustainable fashion signal thoughtful coverage of circular fashion and repair culture this sample item represents how sustainable fashion is discussed online,0.4,0.875
2026-04-01,NewsAPI,Sustainable fashion,Sustainable fashion signal 5: consumers respond positively to eco friendly design. This sample item represents how sustainable fashion is discussed online.,6,demo://newsapi,demo://sustainable-fashion,newsapi-sustainable-fashion-4,text+image,,,,,,,,sustainable fashion signal consumers respond positively to eco friendly design this sample item represents how sustainable fashion is discussed online,0.30113636363636365,0.75
2026-04-04,NewsAPI,Sustainable fashion,Sustainable fashion signal 6: brands face pressure to prove sustainability claims. This sample item represents how sustainable fashion is discussed online.,5,demo://newsapi,demo://sustainable-fashion,newsapi-sustainable-fashion-5,text+image,,,,,,,,sustainable fashion signal brands face pressure to prove sustainability claims this sample item represents how sustainable fashion is discussed online,0.0,0.625
2026-03-20,NewsAPI,Sustainable fashion,Sustainable fashion signal 7: thoughtful coverage of circular fashion and repair culture. This sample item represents how sustainable fashion is discussed online.,2,demo://newsapi,demo://sustainable-fashion,newsapi-sustainable-fashion-6,text+image,,,,,,,,sustainable fashion signal thoughtful coverage of circular fashion and repair culture this sample item represents how sustainable fashion is discussed online,0.4,0.25
2026-03-24,NewsAPI,Sustainable fashion,Sustainable fashion signal 8: consumers respond positively to eco friendly design. This sample item represents how sustainable fashion is discussed online.,3,demo://newsapi,demo://sustainable-fashion,newsapi-sustainable-fashion-7,text+image,,,,,,,,sustainable fashion signal consumers respond positively to eco friendly design this sample item represents how sustainable fashion is discussed online,0.30113636363636365,0.375
2026-04-10,NewsAPI,Sustainable fashion,Sustainable fashion signal 9: brands face pressure to prove sustainability claims. This sample item represents how sustainable fashion is discussed online.,4,demo://newsapi,demo://sustainable-fashion,newsapi-sustainable-fashion-8,text+image,,,,,,,,sustainable fashion signal brands face pressure to prove sustainability claims this sample item represents how sustainable fashion is discussed online,0.0,0.5
2026-04-23,NewsAPI,Sustainable fashion,Sustainable fashion signal 10: thoughtful coverage of circular fashion and repair culture. This sample item represents how sustainable fashion is discussed online.,7,demo://newsapi,demo://sustainable-fashion,newsapi-sustainable-fashion-9,text+image,,,,,,,,sustainable fashion signal thoughtful coverage of circular fashion and repair culture this sample item represents how sustainable fashion is discussed online,0.4,0.875
2026-04-01,Spotify,Sustainable fashion,Sustainable fashion signal 1: thoughtful coverage of circular fashion and repair culture. This sample item represents how sustainable fashion is discussed online.,43,demo://spotify,demo://sustainable-fashion,spotify-sustainable-fashion-0,text+audio+image,0.55,0.47,0.58,108.0,0.36,0.12,0.07,sustainable fashion signal thoughtful coverage of circular fashion and repair culture this sample item represents how sustainable fashion is discussed online,0.4,0.4479166666666667
2026-03-20,Spotify,Sustainable fashion,Sustainable fashion signal 2: consumers respond positively to eco friendly design. This sample item represents how sustainable fashion is discussed online.,54,demo://spotify,demo://sustainable-fashion,spotify-sustainable-fashion-1,text+audio+image,0.55,0.47,0.58,108.0,0.36,0.12,0.07,sustainable fashion signal consumers respond positively to eco friendly design this sample item represents how sustainable fashion is discussed online,0.30113636363636365,0.5625
2026-04-15,Spotify,Sustainable fashion,Sustainable fashion signal 3: brands face pressure to prove sustainability claims. This sample item represents how sustainable fashion is discussed online.,50,demo://spotify,demo://sustainable-fashion,spotify-sustainable-fashion-2,text+audio+image,0.55,0.47,0.58,108.0,0.36,0.12,0.07,sustainable fashion signal brands face pressure to prove sustainability claims this sample item represents how sustainable fashion is discussed online,0.0,0.5208333333333334
2026-03-15,Spotify,Sustainable fashion,Sustainable fashion signal 4: thoughtful coverage of circular fashion and repair culture. This sample item represents how sustainable fashion is discussed online.,39,demo://spotify,demo://sustainable-fashion,spotify-sustainable-fashion-3,text+audio+image,0.55,0.47,0.58,108.0,0.36,0.12,0.07,sustainable fashion signal thoughtful coverage of circular fashion and repair culture this sample item represents how sustainable fashion is discussed online,0.4,0.40625
2026-03-17,Spotify,Sustainable fashion,Sustainable fashion signal 5: consumers respond positively to eco friendly design. This sample item represents how sustainable fashion is discussed online.,38,demo://spotify,demo://sustainable-fashion,spotify-sustainable-fashion-4,text+audio+image,0.55,0.47,0.58,108.0,0.36,0.12,0.07,sustainable fashion signal consumers respond positively to eco friendly design this sample item represents how sustainable fashion is discussed online,0.30113636363636365,0.3958333333333333
2026-04-14,Spotify,Sustainable fashion,Sustainable fashion signal 6: brands face pressure to prove sustainability claims. This sample item represents how sustainable fashion is discussed online.,43,demo://spotify,demo://sustainable-fashion,spotify-sustainable-fashion-5,text+audio+image,0.55,0.47,0.58,108.0,0.36,0.12,0.07,sustainable fashion signal brands face pressure to prove sustainability claims this sample item represents how sustainable fashion is discussed online,0.0,0.4479166666666667
2026-04-23,Spotify,Sustainable fashion,Sustainable fashion signal 7: thoughtful coverage of circular fashion and repair culture. This sample item represents how sustainable fashion is discussed online.,33,demo://spotify,demo://sustainable-fashion,spotify-sustainable-fashion-6,text+audio+image,0.55,0.47,0.58,108.0,0.36,0.12,0.07,sustainable fashion signal thoughtful coverage of circular fashion and repair culture this sample item represents how sustainable fashion is discussed online,0.4,0.34375
2026-04-03,Spotify,Sustainable fashion,Sustainable fashion signal 8: consumers respond positively to eco friendly design. This sample item represents how sustainable fashion is discussed online.,48,demo://spotify,demo://sustainable-fashion,spotify-sustainable-fashion-7,text+audio+image,0.55,0.47,0.58,108.0,0.36,0.12,0.07,sustainable fashion signal consumers respond positively to eco friendly design this sample item represents how sustainable fashion is discussed online,0.30113636363636365,0.5
2026-03-13,Spotify,Sustainable fashion,Sustainable fashion signal 9: brands face pressure to prove sustainability claims. This sample item represents how sustainable fashion is discussed online.,41,demo://spotify,demo://sustainable-fashion,spotify-sustainable-fashion-8,text+audio+image,0.55,0.47,0.58,108.0,0.36,0.12,0.07,sustainable fashion signal brands face pressure to prove sustainability claims this sample item represents how sustainable fashion is discussed online,0.0,0.4270833333333333
2026-03-27,Spotify,Sustainable fashion,Sustainable fashion signal 10: thoughtful coverage of circular fashion and repair culture. This sample item represents how sustainable fashion is discussed online.,35,demo://spotify,demo://sustainable-fashion,spotify-sustainable-fashion-9,text+audio+image,0.55,0.47,0.58,108.0,0.36,0.12,0.07,sustainable fashion signal thoughtful coverage of circular fashion and repair culture this sample item represents how sustainable fashion is discussed online,0.4,0.3645833333333333
2026-04-29,Reddit,Sustainable fashion,Sustainable fashion signal 1: thoughtful coverage of circular fashion and repair culture. This sample item represents how sustainable fashion is discussed online.,149,demo://reddit,demo://sustainable-fashion,reddit-sustainable-fashion-0,text,,,,,,,,sustainable fashion signal thoughtful coverage of circular fashion and repair culture this sample item represents how sustainable fashion is discussed online,0.4,0.46273291925465837
2026-03-16,Reddit,Sustainable fashion,Sustainable fashion signal 2: consumers respond positively to eco friendly design. This sample item represents how sustainable fashion is discussed online.,164,demo://reddit,demo://sustainable-fashion,reddit-sustainable-fashion-1,text,,,,,,,,sustainable fashion signal consumers respond positively to eco friendly design this sample item represents how sustainable fashion is discussed online,0.30113636363636365,0.5093167701863354
2026-04-12,Reddit,Sustainable fashion,Sustainable fashion signal 3: brands face pressure to prove sustainability claims. This sample item represents how sustainable fashion is discussed online.,193,demo://reddit,demo://sustainable-fashion,reddit-sustainable-fashion-2,text,,,,,,,,sustainable fashion signal brands face pressure to prove sustainability claims this sample item represents how sustainable fashion is discussed online,0.0,0.5993788819875776
2026-03-24,Reddit,Sustainable fashion,Sustainable fashion signal 4: thoughtful coverage of circular fashion and repair culture. This sample item represents how sustainable fashion is discussed online.,155,demo://reddit,demo://sustainable-fashion,reddit-sustainable-fashion-3,text,,,,,,,,sustainable fashion signal thoughtful coverage of circular fashion and repair culture this sample item represents how sustainable fashion is discussed online,0.4,0.4813664596273292
2026-03-24,Reddit,Sustainable fashion,Sustainable fashion signal 5: consumers respond positively to eco friendly design. This sample item represents how sustainable fashion is discussed online.,163,demo://reddit,demo://sustainable-fashion,reddit-sustainable-fashion-4,text,,,,,,,,sustainable fashion signal consumers respond positively to eco friendly design this sample item represents how sustainable fashion is discussed online,0.30113636363636365,0.5062111801242236
2026-04-25,Reddit,Sustainable fashion,Sustainable fashion signal 6: brands face pressure to prove sustainability claims. This sample item represents how sustainable fashion is discussed online.,164,demo://reddit,demo://sustainable-fashion,reddit-sustainable-fashion-5,text,,,,,,,,sustainable fashion signal brands face pressure to prove sustainability claims this sample item represents how sustainable fashion is discussed online,0.0,0.5093167701863354
2026-04-20,Reddit,Sustainable fashion,Sustainable fashion signal 7: thoughtful coverage of circular fashion and repair culture. This sample item represents how sustainable fashion is discussed online.,177,demo://reddit,demo://sustainable-fashion,reddit-sustainable-fashion-6,text,,,,,,,,sustainable fashion signal thoughtful coverage of circular fashion and repair culture this sample item represents how sustainable fashion is discussed online,0.4,0.5496894409937888
2026-04-01,Reddit,Sustainable fashion,Sustainable fashion signal 8: consumers respond positively to eco friendly design. This sample item represents how sustainable fashion is discussed online.,167,demo://reddit,demo://sustainable-fashion,reddit-sustainable-fashion-7,text,,,,,,,,sustainable fashion signal consumers respond positively to eco friendly design this sample item represents how sustainable fashion is discussed online,0.30113636363636365,0.5186335403726708
2026-03-21,Reddit,Sustainable fashion,Sustainable fashion signal 9: brands face pressure to prove sustainability claims. This sample item represents how sustainable fashion is discussed online.,135,demo://reddit,demo://sustainable-fashion,reddit-sustainable-fashion-8,text,,,,,,,,sustainable fashion signal brands face pressure to prove sustainability claims this sample item represents how sustainable fashion is discussed online,0.0,0.4192546583850932
2026-04-24,Reddit,Sustainable fashion,Sustainable fashion signal 10: thoughtful coverage of circular fashion and repair culture. This sample item represents how sustainable fashion is discussed online.,147,demo://reddit,demo://sustainable-fashion,reddit-sustainable-fashion-9,text,,,,,,,,sustainable fashion signal thoughtful coverage of circular fashion and repair culture this sample item represents how sustainable fashion is discussed online,0.4,0.45652173913043476
2026-04-13,X,Sustainable fashion,Sustainable fashion signal 1: thoughtful coverage of circular fashion and repair culture. This sample item represents how sustainable fashion is discussed online.,114,demo://x,demo://sustainable-fashion,x-sustainable-fashion-0,text+image,,,,,,,,sustainable fashion signal thoughtful coverage of circular fashion and repair culture this sample item represents how sustainable fashion is discussed online,0.4,0.3944636678200692
2026-03-06,X,Sustainable fashion,Sustainable fashion signal 2: consumers respond positively to eco friendly design. This sample item represents how sustainable fashion is discussed online.,98,demo://x,demo://sustainable-fashion,x-sustainable-fashion-1,text+image,,,,,,,,sustainable fashion signal consumers respond positively to eco friendly design this sample item represents how sustainable fashion is discussed online,0.30113636363636365,0.3391003460207612
2026-03-25,X,Sustainable fashion,Sustainable fashion signal 3: brands face pressure to prove sustainability claims. This sample item represents how sustainable fashion is discussed online.,117,demo://x,demo://sustainable-fashion,x-sustainable-fashion-2,text+image,,,,,,,,sustainable fashion signal brands face pressure to prove sustainability claims this sample item represents how sustainable fashion is discussed online,0.0,0.40484429065743943
2026-03-26,X,Sustainable fashion,Sustainable fashion signal 4: thoughtful coverage of circular fashion and repair culture. This sample item represents how sustainable fashion is discussed online.,96,demo://x,demo://sustainable-fashion,x-sustainable-fashion-3,text+image,,,,,,,,sustainable fashion signal thoughtful coverage of circular fashion and repair culture this sample item represents how sustainable fashion is discussed online,0.4,0.33217993079584773
2026-04-05,X,Sustainable fashion,Sustainable fashion signal 5: consumers respond positively to eco friendly design. This sample item represents how sustainable fashion is discussed online.,125,demo://x,demo://sustainable-fashion,x-sustainable-fashion-4,text+image,,,,,,,,sustainable fashion signal consumers respond positively to eco friendly design this sample item represents how sustainable fashion is discussed online,0.30113636363636365,0.43252595155709345
2026-04-02,X,Sustainable fashion,Sustainable fashion signal 6: brands face pressure to prove sustainability claims. This sample item represents how sustainable fashion is discussed online.,133,demo://x,demo://sustainable-fashion,x-sustainable-fashion-5,text+image,,,,,,,,sustainable fashion signal brands face pressure to prove sustainability claims this sample item represents how sustainable fashion is discussed online,0.0,0.4602076124567474
2026-04-14,X,Sustainable fashion,Sustainable fashion signal 7: thoughtful coverage of circular fashion and repair culture. This sample item represents how sustainable fashion is discussed online.,167,demo://x,demo://sustainable-fashion,x-sustainable-fashion-6,text+image,,,,,,,,sustainable fashion signal thoughtful coverage of circular fashion and repair culture this sample item represents how sustainable fashion is discussed online,0.4,0.5778546712802768
2026-04-01,X,Sustainable fashion,Sustainable fashion signal 8: consumers respond positively to eco friendly design. This sample item represents how sustainable fashion is discussed online.,126,demo://x,demo://sustainable-fashion,x-sustainable-fashion-7,text+image,,,,,,,,sustainable fashion signal consumers respond positively to eco friendly design this sample item represents how sustainable fashion is discussed online,0.30113636363636365,0.4359861591695502
2026-04-21,X,Sustainable fashion,Sustainable fashion signal 9: brands face pressure to prove sustainability claims. This sample item represents how sustainable fashion is discussed online.,86,demo://x,demo://sustainable-fashion,x-sustainable-fashion-8,text+image,,,,,,,,sustainable fashion signal brands face pressure to prove sustainability claims this sample item represents how sustainable fashion is discussed online,0.0,0.2975778546712803
2026-03-27,X,Sustainable fashion,Sustainable fashion signal 10: thoughtful coverage of circular fashion and repair culture. This sample item represents how sustainable fashion is discussed online.,124,demo://x,demo://sustainable-fashion,x-sustainable-fashion-9,text+image,,,,,,,,sustainable fashion signal thoughtful coverage of circular fashion and repair culture this sample item represents how sustainable fashion is discussed online,0.4,0.4290657439446367
2026-03-04,NewsAPI,Mindfulness,Mindfulness signal 1: calm discussion about mindfulness routines and focus. This sample item represents how mindfulness is discussed online.,3,demo://newsapi,demo://mindfulness,newsapi-mindfulness-0,text+image,,,,,,,,mindfulness signal calm discussion about mindfulness routines and focus this sample item represents how mindfulness is discussed online,0.30000000000000004,0.375
2026-04-11,NewsAPI,Mindfulness,Mindfulness signal 2: listeners embrace meditation playlists for stress relief. This sample item represents how mindfulness is discussed online.,3,demo://newsapi,demo://mindfulness,newsapi-mindfulness-1,text+image,,,,,,,,mindfulness signal listeners embrace meditation playlists for stress relief this sample item represents how mindfulness is discussed online,0.0,0.375
2026-04-13,NewsAPI,Mindfulness,Mindfulness signal 3: community members share helpful wellness habits. This sample item represents how mindfulness is discussed online.,6,demo://newsapi,demo://mindfulness,newsapi-mindfulness-2,text+image,,,,,,,,mindfulness signal community members share helpful wellness habits this sample item represents how mindfulness is discussed online,0.0,0.75
2026-04-29,NewsAPI,Mindfulness,Mindfulness signal 4: calm discussion about mindfulness routines and focus. This sample item represents how mindfulness is discussed online.,4,demo://newsapi,demo://mindfulness,newsapi-mindfulness-3,text+image,,,,,,,,mindfulness signal calm discussion about mindfulness routines and focus this sample item represents how mindfulness is discussed online,0.30000000000000004,0.5
2026-03-29,NewsAPI,Mindfulness,Mindfulness signal 5: listeners embrace meditation playlists for stress relief. This sample item represents how mindfulness is discussed online.,2,demo://newsapi,demo://mindfulness,newsapi-mindfulness-4,text+image,,,,,,,,mindfulness signal listeners embrace meditation playlists for stress relief this sample item represents how mindfulness is discussed online,0.0,0.25
2026-04-22,NewsAPI,Mindfulness,Mindfulness signal 6: community members share helpful wellness habits. This sample item represents how mindfulness is discussed online.,1,demo://newsapi,demo://mindfulness,newsapi-mindfulness-5,text+image,,,,,,,,mindfulness signal community members share helpful wellness habits this sample item represents how mindfulness is discussed online,0.0,0.125
2026-03-22,NewsAPI,Mindfulness,Mindfulness signal 7: calm discussion about mindfulness routines and focus. This sample item represents how mindfulness is discussed online.,4,demo://newsapi,demo://mindfulness,newsapi-mindfulness-6,text+image,,,,,,,,mindfulness signal calm discussion about mindfulness routines and focus this sample item represents how mindfulness is discussed online,0.30000000000000004,0.5
2026-03-21,NewsAPI,Mindfulness,Mindfulness signal 8: listeners embrace meditation playlists for stress relief. This sample item represents how mindfulness is discussed online.,8,demo://newsapi,demo://mindfulness,newsapi-mindfulness-7,text+image,,,,,,,,mindfulness signal listeners embrace meditation playlists for stress relief this sample item represents how mindfulness is discussed online,0.0,1.0
2026-03-05,Spotify,Mindfulness,Mindfulness signal 1: calm discussion about mindfulness routines and focus. This sample item represents how mindfulness is discussed online.,82,demo://spotify,demo://mindfulness,spotify-mindfulness-0,text+audio+image,0.35,0.24,0.67,82.0,0.72,0.55,0.05,mindfulness signal calm discussion about mindfulness routines and focus this sample item represents how mindfulness is discussed online,0.30000000000000004,0.8541666666666666
2026-03-15,Spotify,Mindfulness,Mindfulness signal 2: listeners embrace meditation playlists for stress relief. This sample item represents how mindfulness is discussed online.,67,demo://spotify,demo://mindfulness,spotify-mindfulness-1,text+audio+image,0.35,0.24,0.67,82.0,0.72,0.55,0.05,mindfulness signal listeners embrace meditation playlists for stress relief this sample item represents how mindfulness is discussed online,0.0,0.6979166666666666
2026-03-03,Spotify,Mindfulness,Mindfulness signal 3: community members share helpful wellness habits. This sample item represents how mindfulness is discussed online.,62,demo://spotify,demo://mindfulness,spotify-mindfulness-2,text+audio+image,0.35,0.24,0.67,82.0,0.72,0.55,0.05,mindfulness signal community members share helpful wellness habits this sample item represents how mindfulness is discussed online,0.0,0.6458333333333334
2026-04-17,Spotify,Mindfulness,Mindfulness signal 4: calm discussion about mindfulness routines and focus. This sample item represents how mindfulness is discussed online.,65,demo://spotify,demo://mindfulness,spotify-mindfulness-3,text+audio+image,0.35,0.24,0.67,82.0,0.72,0.55,0.05,mindfulness signal calm discussion about mindfulness routines and focus this sample item represents how mindfulness is discussed online,0.30000000000000004,0.6770833333333334
2026-03-29,Spotify,Mindfulness,Mindfulness signal 5: listeners embrace meditation playlists for stress relief. This sample item represents how mindfulness is discussed online.,64,demo://spotify,demo://mindfulness,spotify-mindfulness-4,text+audio+image,0.35,0.24,0.67,82.0,0.72,0.55,0.05,mindfulness signal listeners embrace meditation playlists for stress relief this sample item represents how mindfulness is discussed online,0.0,0.6666666666666666
2026-04-08,Spotify,Mindfulness,Mindfulness signal 6: community members share helpful wellness habits. This sample item represents how mindfulness is discussed online.,80,demo://spotify,demo://mindfulness,spotify-mindfulness-5,text+audio+image,0.35,0.24,0.67,82.0,0.72,0.55,0.05,mindfulness signal community members share helpful wellness habits this sample item represents how mindfulness is discussed online,0.0,0.8333333333333334
2026-03-04,Spotify,Mindfulness,Mindfulness signal 7: calm discussion about mindfulness routines and focus. This sample item represents how mindfulness is discussed online.,81,demo://spotify,demo://mindfulness,spotify-mindfulness-6,text+audio+image,0.35,0.24,0.67,82.0,0.72,0.55,0.05,mindfulness signal calm discussion about mindfulness routines and focus this sample item represents how mindfulness is discussed online,0.30000000000000004,0.84375
2026-04-11,Spotify,Mindfulness,Mindfulness signal 8: listeners embrace meditation playlists for stress relief. This sample item represents how mindfulness is discussed online.,76,demo://spotify,demo://mindfulness,spotify-mindfulness-7,text+audio+image,0.35,0.24,0.67,82.0,0.72,0.55,0.05,mindfulness signal listeners embrace meditation playlists for stress relief this sample item represents how mindfulness is discussed online,0.0,0.7916666666666666
2026-03-24,Reddit,Mindfulness,Mindfulness signal 1: calm discussion about mindfulness routines and focus. This sample item represents how mindfulness is discussed online.,140,demo://reddit,demo://mindfulness,reddit-mindfulness-0,text,,,,,,,,mindfulness signal calm discussion about mindfulness routines and focus this sample item represents how mindfulness is discussed online,0.30000000000000004,0.43478260869565216
2026-03-31,Reddit,Mindfulness,Mindfulness signal 2: listeners embrace meditation playlists for stress relief. This sample item represents how mindfulness is discussed online.,128,demo://reddit,demo://mindfulness,reddit-mindfulness-1,text,,,,,,,,mindfulness signal listeners embrace meditation playlists for stress relief this sample item represents how mindfulness is discussed online,0.0,0.39751552795031053
2026-04-20,Reddit,Mindfulness,Mindfulness signal 3: community members share helpful wellness habits. This sample item represents how mindfulness is discussed online.,132,demo://reddit,demo://mindfulness,reddit-mindfulness-2,text,,,,,,,,mindfulness signal community members share helpful wellness habits this sample item represents how mindfulness is discussed online,0.0,0.40993788819875776
2026-04-21,Reddit,Mindfulness,Mindfulness signal 4: calm discussion about mindfulness routines and focus. This sample item represents how mindfulness is discussed online.,117,demo://reddit,demo://mindfulness,reddit-mindfulness-3,text,,,,,,,,mindfulness signal calm discussion about mindfulness routines and focus this sample item represents how mindfulness is discussed online,0.30000000000000004,0.36335403726708076
2026-03-03,Reddit,Mindfulness,Mindfulness signal 5: listeners embrace meditation playlists for stress relief. This sample item represents how mindfulness is discussed online.,143,demo://reddit,demo://mindfulness,reddit-mindfulness-4,text,,,,,,,,mindfulness signal listeners embrace meditation playlists for stress relief this sample item represents how mindfulness is discussed online,0.0,0.4440993788819876
2026-03-02,Reddit,Mindfulness,Mindfulness signal 6: community members share helpful wellness habits. This sample item represents how mindfulness is discussed online.,169,demo://reddit,demo://mindfulness,reddit-mindfulness-5,text,,,,,,,,mindfulness signal community members share helpful wellness habits this sample item represents how mindfulness is discussed online,0.0,0.5248447204968945
2026-03-11,Reddit,Mindfulness,Mindfulness signal 7: calm discussion about mindfulness routines and focus. This sample item represents how mindfulness is discussed online.,138,demo://reddit,demo://mindfulness,reddit-mindfulness-6,text,,,,,,,,mindfulness signal calm discussion about mindfulness routines and focus this sample item represents how mindfulness is discussed online,0.30000000000000004,0.42857142857142855
2026-03-08,Reddit,Mindfulness,Mindfulness signal 8: listeners embrace meditation playlists for stress relief. This sample item represents how mindfulness is discussed online.,145,demo://reddit,demo://mindfulness,reddit-mindfulness-7,text,,,,,,,,mindfulness signal listeners embrace meditation playlists for stress relief this sample item represents how mindfulness is discussed online,0.0,0.4503105590062112
2026-04-02,X,Mindfulness,Mindfulness signal 1: calm discussion about mindfulness routines and focus. This sample item represents how mindfulness is discussed online.,138,demo://x,demo://mindfulness,x-mindfulness-0,text+image,,,,,,,,mindfulness signal calm discussion about mindfulness routines and focus this sample item represents how mindfulness is discussed online,0.30000000000000004,0.47750865051903113
2026-04-12,X,Mindfulness,Mindfulness signal 2: listeners embrace meditation playlists for stress relief. This sample item represents how mindfulness is discussed online.,128,demo://x,demo://mindfulness,x-mindfulness-1,text+image,,,,,,,,mindfulness signal listeners embrace meditation playlists for stress relief this sample item represents how mindfulness is discussed online,0.0,0.4429065743944637
2026-04-06,X,Mindfulness,Mindfulness signal 3: community members share helpful wellness habits. This sample item represents how mindfulness is discussed online.,142,demo://x,demo://mindfulness,x-mindfulness-2,text+image,,,,,,,,mindfulness signal community members share helpful wellness habits this sample item represents how mindfulness is discussed online,0.0,0.4913494809688581
2026-04-08,X,Mindfulness,Mindfulness signal 4: calm discussion about mindfulness routines and focus. This sample item represents how mindfulness is discussed online.,162,demo://x,demo://mindfulness,x-mindfulness-3,text+image,,,,,,,,mindfulness signal calm discussion about mindfulness routines and focus this sample item represents how mindfulness is discussed online,0.30000000000000004,0.5605536332179931
2026-04-08,X,Mindfulness,Mindfulness signal 5: listeners embrace meditation playlists for stress relief. This sample item represents how mindfulness is discussed online.,113,demo://x,demo://mindfulness,x-mindfulness-4,text+image,,,,,,,,mindfulness signal listeners embrace meditation playlists for stress relief this sample item represents how mindfulness is discussed online,0.0,0.39100346020761245
2026-04-15,X,Mindfulness,Mindfulness signal 6: community members share helpful wellness habits. This sample item represents how mindfulness is discussed online.,111,demo://x,demo://mindfulness,x-mindfulness-5,text+image,,,,,,,,mindfulness signal community members share helpful wellness habits this sample item represents how mindfulness is discussed online,0.0,0.38408304498269896
2026-04-29,X,Mindfulness,Mindfulness signal 7: calm discussion about mindfulness routines and focus. This sample item represents how mindfulness is discussed online.,166,demo://x,demo://mindfulness,x-mindfulness-6,text+image,,,,,,,,mindfulness signal calm discussion about mindfulness routines and focus this sample item represents how mindfulness is discussed online,0.30000000000000004,0.5743944636678201
2026-04-23,X,Mindfulness,Mindfulness signal 8: listeners embrace meditation playlists for stress relief. This sample item represents how mindfulness is discussed online.,132,demo://x,demo://mindfulness,x-mindfulness-7,text+image,,,,,,,,mindfulness signal listeners embrace meditation playlists for stress relief this sample item represents how mindfulness is discussed online,0.0,0.45674740484429066
2026-03-17,NewsAPI,Digital art,Digital art signal 1: vibrant digital art communities celebrate new creators. This sample item represents how digital art is discussed online.,8,demo://newsapi,demo://digital-art,newsapi-digital-art-0,text+image,,,,,,,,digital art signal vibrant digital art communities celebrate new creators this sample item represents how digital art is discussed online,0.060606060606060594,1.0
2026-04-20,NewsAPI,Digital art,Digital art signal 2: debate grows around creative coding and AI art authorship. This sample item represents how digital art is discussed online.,3,demo://newsapi,demo://digital-art,newsapi-digital-art-1,text+image,,,,,,,,digital art signal debate grows around creative coding and ai art authorship this sample item represents how digital art is discussed online,0.16666666666666666,0.375
2026-04-14,NewsAPI,Digital art,Digital art signal 3: visual artists experiment with immersive digital canvases. This sample item represents how digital art is discussed online.,6,demo://newsapi,demo://digital-art,newsapi-digital-art-2,text+image,,,,,,,,digital art signal visual artists experiment with immersive digital canvases this sample item represents how digital art is discussed online,0.0,0.75
2026-04-12,NewsAPI,Digital art,Digital art signal 4: vibrant digital art communities celebrate new creators. This sample item represents how digital art is discussed online.,4,demo://newsapi,demo://digital-art,newsapi-digital-art-3,text+image,,,,,,,,digital art signal vibrant digital art communities celebrate new creators this sample item represents how digital art is discussed online,0.060606060606060594,0.5
2026-04-01,NewsAPI,Digital art,Digital art signal 5: debate grows around creative coding and AI art authorship. This sample item represents how digital art is discussed online.,5,demo://newsapi,demo://digital-art,newsapi-digital-art-4,text+image,,,,,,,,digital art signal debate grows around creative coding and ai art authorship this sample item represents how digital art is discussed online,0.16666666666666666,0.625
2026-03-31,NewsAPI,Digital art,Digital art signal 6: visual artists experiment with immersive digital canvases. This sample item represents how digital art is discussed online.,5,demo://newsapi,demo://digital-art,newsapi-digital-art-5,text+image,,,,,,,,digital art signal visual artists experiment with immersive digital canvases this sample item represents how digital art is discussed online,0.0,0.625
2026-04-20,NewsAPI,Digital art,Digital art signal 7: vibrant digital art communities celebrate new creators. This sample item represents how digital art is discussed online.,5,demo://newsapi,demo://digital-art,newsapi-digital-art-6,text+image,,,,,,,,digital art signal vibrant digital art communities celebrate new creators this sample item represents how digital art is discussed online,0.060606060606060594,0.625
2026-04-17,NewsAPI,Digital art,Digital art signal 8: debate grows around creative coding and AI art authorship. This sample item represents how digital art is discussed online.,6,demo://newsapi,demo://digital-art,newsapi-digital-art-7,text+image,,,,,,,,digital art signal debate grows around creative coding and ai art authorship this sample item represents how digital art is discussed online,0.16666666666666666,0.75
2026-03-03,NewsAPI,Digital art,Digital art signal 9: visual artists experiment with immersive digital canvases. This sample item represents how digital art is discussed online.,5,demo://newsapi,demo://digital-art,newsapi-digital-art-8,text+image,,,,,,,,digital art signal visual artists experiment with immersive digital canvases this sample item represents how digital art is discussed online,0.0,0.625
2026-04-23,NewsAPI,Digital art,Digital art signal 10: vibrant digital art communities celebrate new creators. This sample item represents how digital art is discussed online.,3,demo://newsapi,demo://digital-art,newsapi-digital-art-9,text+image,,,,,,,,digital art signal vibrant digital art communities celebrate new creators this sample item represents how digital art is discussed online,0.060606060606060594,0.375
2026-03-16,NewsAPI,Digital art,Digital art signal 11: debate grows around creative coding and AI art authorship. This sample item represents how digital art is discussed online.,3,demo://newsapi,demo://digital-art,newsapi-digital-art-10,text+image,,,,,,,,digital art signal debate grows around creative coding and ai art authorship this sample item represents how digital art is discussed online,0.16666666666666666,0.375
2026-03-27,NewsAPI,Digital art,Digital art signal 12: visual artists experiment with immersive digital canvases. This sample item represents how digital art is discussed online.,5,demo://newsapi,demo://digital-art,newsapi-digital-art-11,text+image,,,,,,,,digital art signal visual artists experiment with immersive digital canvases this sample item represents how digital art is discussed online,0.0,0.625
2026-04-29,Spotify,Digital art,Digital art signal 1: vibrant digital art communities celebrate new creators. This sample item represents how digital art is discussed online.,30,demo://spotify,demo://digital-art,spotify-digital-art-0,text+audio+image,0.57,0.63,0.42,118.0,0.21,0.28,0.09,digital art signal vibrant digital art communities celebrate new creators this sample item represents how digital art is discussed online,0.060606060606060594,0.3125
2026-03-19,Spotify,Digital art,Digital art signal 2: debate grows around creative coding and AI art authorship. This sample item represents how digital art is discussed online.,38,demo://spotify,demo://digital-art,spotify-digital-art-1,text+audio+image,0.57,0.63,0.42,118.0,0.21,0.28,0.09,digital art signal debate grows around creative coding and ai art authorship this sample item represents how digital art is discussed online,0.16666666666666666,0.3958333333333333
2026-04-04,Spotify,Digital art,Digital art signal 3: visual artists experiment with immersive digital canvases. This sample item represents how digital art is discussed online.,41,demo://spotify,demo://digital-art,spotify-digital-art-2,text+audio+image,0.57,0.63,0.42,118.0,0.21,0.28,0.09,digital art signal visual artists experiment with immersive digital canvases this sample item represents how digital art is discussed online,0.0,0.4270833333333333
2026-04-23,Spotify,Digital art,Digital art signal 4: vibrant digital art communities celebrate new creators. This sample item represents how digital art is discussed online.,35,demo://spotify,demo://digital-art,spotify-digital-art-3,text+audio+image,0.57,0.63,0.42,118.0,0.21,0.28,0.09,digital art signal vibrant digital art communities celebrate new creators this sample item represents how digital art is discussed online,0.060606060606060594,0.3645833333333333
2026-03-03,Spotify,Digital art,Digital art signal 5: debate grows around creative coding and AI art authorship. This sample item represents how digital art is discussed online.,44,demo://spotify,demo://digital-art,spotify-digital-art-4,text+audio+image,0.57,0.63,0.42,118.0,0.21,0.28,0.09,digital art signal debate grows around creative coding and ai art authorship this sample item represents how digital art is discussed online,0.16666666666666666,0.4583333333333333
2026-04-12,Spotify,Digital art,Digital art signal 6: visual artists experiment with immersive digital canvases. This sample item represents how digital art is discussed online.,41,demo://spotify,demo://digital-art,spotify-digital-art-5,text+audio+image,0.57,0.63,0.42,118.0,0.21,0.28,0.09,digital art signal visual artists experiment with immersive digital canvases this sample item represents how digital art is discussed online,0.0,0.4270833333333333
2026-04-12,Spotify,Digital art,Digital art signal 7: vibrant digital art communities celebrate new creators. This sample item represents how digital art is discussed online.,37,demo://spotify,demo://digital-art,spotify-digital-art-6,text+audio+image,0.57,0.63,0.42,118.0,0.21,0.28,0.09,digital art signal vibrant digital art communities celebrate new creators this sample item represents how digital art is discussed online,0.060606060606060594,0.3854166666666667
2026-03-04,Spotify,Digital art,Digital art signal 8: debate grows around creative coding and AI art authorship. This sample item represents how digital art is discussed online.,34,demo://spotify,demo://digital-art,spotify-digital-art-7,text+audio+image,0.57,0.63,0.42,118.0,0.21,0.28,0.09,digital art signal debate grows around creative coding and ai art authorship this sample item represents how digital art is discussed online,0.16666666666666666,0.3541666666666667
2026-04-01,Spotify,Digital art,Digital art signal 9: visual artists experiment with immersive digital canvases. This sample item represents how digital art is discussed online.,39,demo://spotify,demo://digital-art,spotify-digital-art-8,text+audio+image,0.57,0.63,0.42,118.0,0.21,0.28,0.09,digital art signal visual artists experiment with immersive digital canvases this sample item represents how digital art is discussed online,0.0,0.40625
2026-04-29,Spotify,Digital art,Digital art signal 10: vibrant digital art communities celebrate new creators. This sample item represents how digital art is discussed online.,39,demo://spotify,demo://digital-art,spotify-digital-art-9,text+audio+image,0.57,0.63,0.42,118.0,0.21,0.28,0.09,digital art signal vibrant digital art communities celebrate new creators this sample item represents how digital art is discussed online,0.060606060606060594,0.40625
2026-03-11,Spotify,Digital art,Digital art signal 11: debate grows around creative coding and AI art authorship. This sample item represents how digital art is discussed online.,38,demo://spotify,demo://digital-art,spotify-digital-art-10,text+audio+image,0.57,0.63,0.42,118.0,0.21,0.28,0.09,digital art signal debate grows around creative coding and ai art authorship this sample item represents how digital art is discussed online,0.16666666666666666,0.3958333333333333
2026-04-24,Spotify,Digital art,Digital art signal 12: visual artists experiment with immersive digital canvases. This sample item represents how digital art is discussed online.,39,demo://spotify,demo://digital-art,spotify-digital-art-11,text+audio+image,0.57,0.63,0.42,118.0,0.21,0.28,0.09,digital art signal visual artists experiment with immersive digital canvases this sample item represents how digital art is discussed online,0.0,0.40625
2026-04-30,Reddit,Digital art,Digital art signal 1: vibrant digital art communities celebrate new creators. This sample item represents how digital art is discussed online.,322,demo://reddit,demo://digital-art,reddit-digital-art-0,text,,,,,,,,digital art signal vibrant digital art communities celebrate new creators this sample item represents how digital art is discussed online,0.060606060606060594,1.0
2026-03-04,Reddit,Digital art,Digital art signal 2: debate grows around creative coding and AI art authorship. This sample item represents how digital art is discussed online.,232,demo://reddit,demo://digital-art,reddit-digital-art-1,text,,,,,,,,digital art signal debate grows around creative coding and ai art authorship this sample item represents how digital art is discussed online,0.16666666666666666,0.7204968944099379
2026-03-17,Reddit,Digital art,Digital art signal 3: visual artists experiment with immersive digital canvases. This sample item represents how digital art is discussed online.,212,demo://reddit,demo://digital-art,reddit-digital-art-2,text,,,,,,,,digital art signal visual artists experiment with immersive digital canvases this sample item represents how digital art is discussed online,0.0,0.6583850931677019
2026-03-13,Reddit,Digital art,Digital art signal 4: vibrant digital art communities celebrate new creators. This sample item represents how digital art is discussed online.,241,demo://reddit,demo://digital-art,reddit-digital-art-3,text,,,,,,,,digital art signal vibrant digital art communities celebrate new creators this sample item represents how digital art is discussed online,0.060606060606060594,0.7484472049689441
2026-03-11,Reddit,Digital art,Digital art signal 5: debate grows around creative coding and AI art authorship. This sample item represents how digital art is discussed online.,300,demo://reddit,demo://digital-art,reddit-digital-art-4,text,,,,,,,,digital art signal debate grows around creative coding and ai art authorship this sample item represents how digital art is discussed online,0.16666666666666666,0.9316770186335404
2026-04-29,Reddit,Digital art,Digital art signal 6: visual artists experiment with immersive digital canvases. This sample item represents how digital art is discussed online.,236,demo://reddit,demo://digital-art,reddit-digital-art-5,text,,,,,,,,digital art signal visual artists experiment with immersive digital canvases this sample item represents how digital art is discussed online,0.0,0.7329192546583851
2026-04-15,Reddit,Digital art,Digital art signal 7: vibrant digital art communities celebrate new creators. This sample item represents how digital art is discussed online.,189,demo://reddit,demo://digital-art,reddit-digital-art-6,text,,,,,,,,digital art signal vibrant digital art communities celebrate new creators this sample item represents how digital art is discussed online,0.060606060606060594,0.5869565217391305
2026-03-14,Reddit,Digital art,Digital art signal 8: debate grows around creative coding and AI art authorship. This sample item represents how digital art is discussed online.,255,demo://reddit,demo://digital-art,reddit-digital-art-7,text,,,,,,,,digital art signal debate grows around creative coding and ai art authorship this sample item represents how digital art is discussed online,0.16666666666666666,0.7919254658385093
2026-03-16,Reddit,Digital art,Digital art signal 9: visual artists experiment with immersive digital canvases. This sample item represents how digital art is discussed online.,243,demo://reddit,demo://digital-art,reddit-digital-art-8,text,,,,,,,,digital art signal visual artists experiment with immersive digital canvases this sample item represents how digital art is discussed online,0.0,0.7546583850931677
2026-03-25,Reddit,Digital art,Digital art signal 10: vibrant digital art communities celebrate new creators. This sample item represents how digital art is discussed online.,231,demo://reddit,demo://digital-art,reddit-digital-art-9,text,,,,,,,,digital art signal vibrant digital art communities celebrate new creators this sample item represents how digital art is discussed online,0.060606060606060594,0.717391304347826
2026-04-24,Reddit,Digital art,Digital art signal 11: debate grows around creative coding and AI art authorship. This sample item represents how digital art is discussed online.,202,demo://reddit,demo://digital-art,reddit-digital-art-10,text,,,,,,,,digital art signal debate grows around creative coding and ai art authorship this sample item represents how digital art is discussed online,0.16666666666666666,0.6273291925465838
2026-03-22,Reddit,Digital art,Digital art signal 12: visual artists experiment with immersive digital canvases. This sample item represents how digital art is discussed online.,212,demo://reddit,demo://digital-art,reddit-digital-art-11,text,,,,,,,,digital art signal visual artists experiment with immersive digital canvases this sample item represents how digital art is discussed online,0.0,0.6583850931677019
2026-03-30,X,Digital art,Digital art signal 1: vibrant digital art communities celebrate new creators. This sample item represents how digital art is discussed online.,175,demo://x,demo://digital-art,x-digital-art-0,text+image,,,,,,,,digital art signal vibrant digital art communities celebrate new creators this sample item represents how digital art is discussed online,0.060606060606060594,0.6055363321799307
2026-04-16,X,Digital art,Digital art signal 2: debate grows around creative coding and AI art authorship. This sample item represents how digital art is discussed online.,181,demo://x,demo://digital-art,x-digital-art-1,text+image,,,,,,,,digital art signal debate grows around creative coding and ai art authorship this sample item represents how digital art is discussed online,0.16666666666666666,0.6262975778546713
2026-03-11,X,Digital art,Digital art signal 3: visual artists experiment with immersive digital canvases. This sample item represents how digital art is discussed online.,289,demo://x,demo://digital-art,x-digital-art-2,text+image,,,,,,,,digital art signal visual artists experiment with immersive digital canvases this sample item represents how digital art is discussed online,0.0,1.0
2026-03-13,X,Digital art,Digital art signal 4: vibrant digital art communities celebrate new creators. This sample item represents how digital art is discussed online.,179,demo://x,demo://digital-art,x-digital-art-3,text+image,,,,,,,,digital art signal vibrant digital art communities celebrate new creators this sample item represents how digital art is discussed online,0.060606060606060594,0.6193771626297578
2026-04-02,X,Digital art,Digital art signal 5: debate grows around creative coding and AI art authorship. This sample item represents how digital art is discussed online.,219,demo://x,demo://digital-art,x-digital-art-4,text+image,,,,,,,,digital art signal debate grows around creative coding and ai art authorship this sample item represents how digital art is discussed online,0.16666666666666666,0.7577854671280276
2026-03-26,X,Digital art,Digital art signal 6: visual artists experiment with immersive digital canvases. This sample item represents how digital art is discussed online.,257,demo://x,demo://digital-art,x-digital-art-5,text+image,,,,,,,,digital art signal visual artists experiment with immersive digital canvases this sample item represents how digital art is discussed online,0.0,0.889273356401384
2026-04-11,X,Digital art,Digital art signal 7: vibrant digital art communities celebrate new creators. This sample item represents how digital art is discussed online.,204,demo://x,demo://digital-art,x-digital-art-6,text+image,,,,,,,,digital art signal vibrant digital art communities celebrate new creators this sample item represents how digital art is discussed online,0.060606060606060594,0.7058823529411765
2026-04-12,X,Digital art,Digital art signal 8: debate grows around creative coding and AI art authorship. This sample item represents how digital art is discussed online.,231,demo://x,demo://digital-art,x-digital-art-7,text+image,,,,,,,,digital art signal debate grows around creative coding and ai art authorship this sample item represents how digital art is discussed online,0.16666666666666666,0.7993079584775087
2026-03-26,X,Digital art,Digital art signal 9: visual artists experiment with immersive digital canvases. This sample item represents how digital art is discussed online.,200,demo://x,demo://digital-art,x-digital-art-8,text+image,,,,,,,,digital art signal visual artists experiment with immersive digital canvases this sample item represents how digital art is discussed online,0.0,0.6920415224913494
2026-04-21,X,Digital art,Digital art signal 10: vibrant digital art communities celebrate new creators. This sample item represents how digital art is discussed online.,207,demo://x,demo://digital-art,x-digital-art-9,text+image,,,,,,,,digital art signal vibrant digital art communities celebrate new creators this sample item represents how digital art is discussed online,0.060606060606060594,0.7162629757785467
2026-04-03,X,Digital art,Digital art signal 11: debate grows around creative coding and AI art authorship. This sample item represents how digital art is discussed online.,204,demo://x,demo://digital-art,x-digital-art-10,text+image,,,,,,,,digital art signal debate grows around creative coding and ai art authorship this sample item represents how digital art is discussed online,0.16666666666666666,0.7058823529411765
2026-04-24,X,Digital art,Digital art signal 12: visual artists experiment with immersive digital canvases. This sample item represents how digital art is discussed online.,203,demo://x,demo://digital-art,x-digital-art-11,text+image,,,,,,,,digital art signal visual artists experiment with immersive digital canvases this sample item represents how digital art is discussed online,0.0,0.7024221453287197
